Transaction ID,Date,Customer ID,Gender,Age,Product Category,Quantity,Price per Unit,Total Amount
1,2023-11-24,Cust001,Male,34,Beauty,3,50,150
2,2023-02-27,Cust002,Female,26,Clothing,2,500,1000
3,2023-01-13,Cust003,Male,50,Electronics,1,30,30
4,2023-05-21,Cust004,Male,37,Clothing,1,500,500
5,2023-05-06,Cust005,Male,30,Beauty,2,50,100
6,2023-04-25,Cust006,Female,45,Beauty,1,30,30
7,2023-03-13,Cust007,Male,46,Clothing,2,25,50
8,2023-02-22,Cust008,Male,30,Electronics,4,25,100
9,2023-12-13,Cust009,Male,63,Electronics,2,300,600
10,2023-10-07,Cust010,Female,52,Clothing,4,50,200
11,2023-02-14,Cust011,Male,23,Clothing,2,50,100
12,2023-10-30,Cust012,Male,35,Beauty,3,25,75
13,2023-08-05,Cust013,Male,22,Electronics,3,500,1500
14,2023-01-17,Cust014,Male,64,Clothing,4,30,120
15,2023-01-16,Cust015,Female,42,Electronics,4,500,2000
16,2023-02-17,Cust016,Male,19,Clothing,3,500,1500
17,2023-04-22,Cust017,Female,27,Clothing,4,25,100
18,2023-04-30,Cust018,Female,47,Electronics,2,25,50
19,2023-09-16,Cust019,Female,62,Clothing,2,25,50
20,2023-11-05,Cust020,Male,22,Clothing,3,300,900
21,2023-01-14,Cust021,Female,50,Beauty,1,500,500
22,2023-10-15,Cust022,Male,18,Clothing,2,50,100
23,2023-04-12,Cust023,Female,35,Clothing,4,30,120
24,2023-11-29,Cust024,Female,49,Clothing,1,300,300
25,2023-12-26,Cust025,Female,64,Beauty,1,50,50
26,2023-10-07,Cust026,Female,28,Electronics,2,500,1000
27,2023-08-03,Cust027,Female,38,Beauty,2,25,50
28,2023-04-23,Cust028,Female,43,Beauty,1,500,500
29,2023-08-18,Cust029,Female,42,Electronics,1,30,30
30,2023-10-29,Cust030,Female,39,Beauty,3,300,900
31,2023-05-23,Cust031,Male,44,Electronics,4,300,1200
32,2023-01-04,Cust032,Male,30,Beauty,3,30,90
33,2023-03-23,Cust033,Female,50,Electronics,2,50,100
34,2023-12-24,Cust034,Female,51,Clothing,3,50,150
35,2023-08-05,Cust035,Female,58,Beauty,3,300,900
36,2023-06-24,Cust036,Male,52,Beauty,3,300,900
37,2023-05-23,Cust037,Female,18,Beauty,3,25,75
38,2023-03-21,Cust038,Male,38,Beauty,4,50,200
39,2023-04-21,Cust039,Male,23,Clothing,4,30,120
40,2023-06-22,Cust040,Male,45,Beauty,1,50,50
41,2023-02-22,Cust041,Male,34,Clothing,2,25,50
42,2023-02-17,Cust042,Male,22,Clothing,3,300,900
43,2023-07-14,Cust043,Female,48,Clothing,1,300,300
44,2023-02-19,Cust044,Female,22,Clothing,1,25,25
45,2023-07-03,Cust045,Female,55,Electronics,1,30,30
46,2023-06-26,Cust046,Female,20,Electronics,4,300,1200
47,2023-11-06,Cust047,Female,40,Beauty,3,500,1500
48,2023-05-16,Cust048,Male,54,Electronics,3,300,900
49,2023-01-23,Cust049,Female,54,Electronics,2,500,1000
50,2023-08-24,Cust050,Female,27,Beauty,3,25,75
51,2023-10-02,Cust051,Male,27,Beauty,3,25,75
52,2023-03-05,Cust052,Female,36,Beauty,1,300,300
53,2023-07-13,Cust053,Male,34,Electronics,2,50,100
54,2023-02-10,Cust054,Female,38,Electronics,3,500,1500
55,2023-10-10,Cust055,Male,31,Beauty,4,30,120
56,2023-05-31,Cust056,Female,26,Clothing,3,300,900
57,2023-11-18,Cust057,Female,63,Beauty,1,30,30
58,2023-11-13,Cust058,Male,18,Clothing,4,300,1200
59,2023-07-05,Cust059,Male,62,Clothing,1,50,50
60,2023-10-23,Cust060,Male,30,Beauty,3,50,150
61,2023-04-09,Cust061,Male,21,Beauty,4,50,200
62,2023-12-27,Cust062,Male,18,Beauty,2,50,100
63,2023-02-05,Cust063,Male,57,Electronics,2,25,50
64,2023-01-24,Cust064,Male,49,Clothing,4,25,100
65,2023-12-05,Cust065,Male,51,Electronics,4,500,2000
66,2023-04-27,Cust066,Female,45,Electronics,1,30,30
67,2023-05-29,Cust067,Female,48,Beauty,4,300,1200
68,2023-02-10,Cust068,Male,25,Electronics,1,300,300
69,2023-04-30,Cust069,Female,56,Beauty,3,25,75
70,2023-02-21,Cust070,Female,43,Clothing,1,300,300
71,2023-07-14,Cust071,Female,51,Beauty,4,25,100
72,2023-05-23,Cust072,Female,20,Electronics,4,500,2000
73,2023-08-21,Cust073,Male,29,Electronics,3,30,90
74,2023-11-22,Cust074,Female,18,Beauty,4,500,2000
75,2023-07-06,Cust075,Male,61,Beauty,4,50,200
76,2023-03-25,Cust076,Female,22,Electronics,2,50,100
77,2023-07-09,Cust077,Female,47,Clothing,2,50,100
78,2023-07-01,Cust078,Female,47,Clothing,3,500,1500
79,2023-04-18,Cust079,Male,34,Beauty,1,300,300
80,2023-12-10,Cust080,Female,64,Clothing,2,30,60
81,2023-05-17,Cust081,Male,40,Electronics,1,50,50
82,2023-12-26,Cust082,Female,32,Beauty,4,50,200
83,2023-12-16,Cust083,Male,54,Electronics,2,50,100
84,2023-11-28,Cust084,Female,38,Electronics,3,30,90
85,2023-02-06,Cust085,Male,31,Clothing,3,50,150
86,2023-11-08,Cust086,Male,19,Beauty,3,30,90
87,2023-11-22,Cust087,Female,28,Beauty,2,50,100
88,2023-03-29,Cust088,Male,56,Clothing,1,500,500
89,2023-10-01,Cust089,Female,55,Electronics,4,500,2000
90,2023-05-06,Cust090,Female,51,Electronics,1,30,30
91,2023-03-25,Cust091,Female,55,Electronics,1,500,500
92,2023-08-25,Cust092,Female,51,Electronics,4,30,120
93,2023-07-14,Cust093,Female,35,Beauty,4,500,2000
94,2023-05-19,Cust094,Female,47,Beauty,2,500,1000
95,2023-11-24,Cust095,Female,32,Clothing,2,30,60
96,2023-12-19,Cust096,Female,44,Clothing,2,300,600
97,2023-10-13,Cust097,Female,51,Beauty,2,500,1000
98,2023-04-23,Cust098,Female,55,Beauty,2,50,100
99,2023-12-17,Cust099,Female,50,Electronics,4,300,1200
100,2023-06-16,Cust100,Male,41,Electronics,1,30,30
101,2023-01-29,Cust101,Male,32,Clothing,2,300,600
102,2023-04-28,Cust102,Female,47,Beauty,2,25,50
103,2023-01-17,Cust103,Female,59,Clothing,1,25,25
104,2023-06-11,Cust104,Female,34,Beauty,2,500,1000
105,2023-07-25,Cust105,Female,22,Electronics,1,500,500
106,2023-05-18,Cust106,Female,46,Clothing,1,50,50
107,2023-02-03,Cust107,Female,21,Clothing,4,300,1200
108,2023-04-19,Cust108,Female,27,Beauty,3,25,75
109,2023-10-18,Cust109,Female,34,Electronics,4,500,2000
110,2023-06-11,Cust110,Male,27,Clothing,3,300,900
111,2023-04-19,Cust111,Female,34,Electronics,3,500,1500
112,2023-12-02,Cust112,Male,37,Clothing,3,500,1500
113,2023-09-13,Cust113,Female,41,Electronics,2,25,50
114,2023-07-22,Cust114,Female,22,Beauty,4,25,100
115,2023-11-26,Cust115,Male,51,Clothing,3,500,1500
116,2023-08-23,Cust116,Female,23,Clothing,1,30,30
117,2023-03-15,Cust117,Male,19,Electronics,2,500,1000
118,2023-05-16,Cust118,Female,30,Electronics,4,500,2000
119,2023-03-13,Cust119,Female,60,Clothing,3,50,150
120,2023-05-07,Cust120,Male,60,Beauty,1,50,50
121,2023-10-15,Cust121,Female,28,Electronics,4,50,200
122,2023-10-03,Cust122,Male,64,Electronics,4,30,120
123,2023-05-15,Cust123,Female,40,Electronics,2,30,60
124,2023-10-27,Cust124,Male,33,Clothing,4,500,2000
125,2023-08-08,Cust125,Male,48,Clothing,2,50,100
126,2023-10-26,Cust126,Female,28,Clothing,3,30,90
127,2023-07-24,Cust127,Female,33,Clothing,2,25,50
128,2023-07-05,Cust128,Male,25,Beauty,1,500,500
129,2023-04-23,Cust129,Female,21,Beauty,2,300,600
130,2023-03-12,Cust130,Female,57,Clothing,1,500,500
131,2023-09-18,Cust131,Female,21,Beauty,2,300,600
132,2023-09-10,Cust132,Male,42,Electronics,4,50,200
133,2023-02-16,Cust133,Male,20,Electronics,3,300,900
134,2023-01-25,Cust134,Male,49,Electronics,1,50,50
135,2023-02-26,Cust135,Male,20,Clothing,2,25,50
136,2023-03-20,Cust136,Male,44,Electronics,2,300,600
137,2023-11-18,Cust137,Male,46,Beauty,2,500,1000
138,2023-03-23,Cust138,Male,49,Clothing,4,50,200
139,2023-12-15,Cust139,Male,36,Beauty,4,500,2000
140,2023-08-05,Cust140,Male,38,Electronics,1,30,30
141,2023-11-02,Cust141,Female,22,Electronics,1,50,50
142,2023-02-02,Cust142,Male,35,Electronics,4,300,1200
143,2023-07-17,Cust143,Female,45,Clothing,1,50,50
144,2023-07-15,Cust144,Female,59,Beauty,3,500,1500
145,2023-11-02,Cust145,Female,39,Clothing,3,25,75
146,2023-08-28,Cust146,Male,38,Clothing,4,50,200
147,2023-09-28,Cust147,Male,23,Electronics,1,300,300
148,2023-05-09,Cust148,Male,18,Clothing,2,30,60
149,2023-10-11,Cust149,Male,22,Clothing,3,25,75
150,2023-01-06,Cust150,Female,58,Electronics,4,30,120
151,2023-12-15,Cust151,Male,29,Clothing,1,50,50
152,2023-02-28,Cust152,Male,43,Electronics,4,500,2000
153,2023-12-16,Cust153,Male,63,Electronics,2,500,1000
154,2023-10-02,Cust154,Male,51,Electronics,3,300,900
155,2023-05-17,Cust155,Male,31,Electronics,4,500,2000
156,2023-11-25,Cust156,Female,43,Clothing,4,25,100
157,2023-06-24,Cust157,Male,62,Electronics,4,500,2000
158,2023-02-27,Cust158,Female,44,Electronics,2,300,600
159,2023-05-31,Cust159,Male,26,Clothing,4,50,200
160,2023-08-11,Cust160,Female,43,Clothing,2,50,100
161,2023-03-22,Cust161,Male,64,Beauty,2,500,1000
162,2023-08-21,Cust162,Male,39,Clothing,2,30,60
163,2023-01-02,Cust163,Female,64,Clothing,3,50,150
164,2023-05-15,Cust164,Female,47,Beauty,3,500,1500
165,2023-09-14,Cust165,Female,60,Clothing,4,300,1200
166,2023-04-02,Cust166,Male,34,Clothing,4,500,2000
167,2023-09-17,Cust167,Female,43,Clothing,3,50,150
168,2023-02-24,Cust168,Male,53,Clothing,1,300,300
169,2023-11-17,Cust169,Male,18,Beauty,3,500,1500
170,2023-06-02,Cust170,Female,25,Clothing,2,25,50
171,2023-11-24,Cust171,Female,52,Clothing,3,300,900
172,2023-09-17,Cust172,Male,32,Beauty,2,25,50
173,2023-11-08,Cust173,Male,64,Electronics,4,30,120
174,2023-04-12,Cust174,Female,39,Beauty,1,300,300
175,2023-03-20,Cust175,Female,31,Electronics,4,25,100
176,2023-07-11,Cust176,Female,43,Beauty,2,50,100
177,2023-03-24,Cust177,Male,45,Beauty,2,50,100
178,2023-10-04,Cust178,Male,40,Clothing,2,30,60
179,2023-09-29,Cust179,Male,31,Electronics,1,300,300
180,2023-01-01,Cust180,Male,41,Clothing,3,300,900
181,2023-11-03,Cust181,Male,19,Electronics,4,300,1200
182,2023-06-15,Cust182,Male,62,Beauty,4,30,120
183,2023-09-08,Cust183,Female,43,Beauty,3,300,900
184,2023-01-10,Cust184,Male,31,Electronics,4,50,200
185,2023-02-27,Cust185,Male,24,Clothing,1,25,25
186,2023-07-05,Cust186,Male,20,Clothing,4,50,200
187,2023-06-07,Cust187,Female,64,Clothing,2,50,100
188,2023-05-03,Cust188,Male,40,Clothing,3,25,75
189,2023-01-30,Cust189,Male,63,Beauty,1,50,50
190,2023-05-04,Cust190,Female,60,Beauty,3,30,90
191,2023-10-18,Cust191,Male,64,Beauty,1,25,25
192,2023-02-10,Cust192,Male,62,Beauty,2,50,100
193,2023-02-13,Cust193,Male,35,Beauty,3,500,1500
194,2023-09-06,Cust194,Male,55,Clothing,4,50,200
195,2023-02-05,Cust195,Male,52,Clothing,1,30,30
196,2023-09-30,Cust196,Female,32,Clothing,3,300,900
197,2023-03-06,Cust197,Female,42,Clothing,4,50,200
198,2023-03-07,Cust198,Female,54,Beauty,3,300,900
199,2023-12-04,Cust199,Male,45,Beauty,3,500,1500
200,2023-09-01,Cust200,Male,27,Beauty,3,50,150
201,2023-10-09,Cust201,Male,56,Electronics,1,25,25
202,2023-03-26,Cust202,Female,34,Clothing,4,300,1200
203,2023-05-16,Cust203,Male,56,Clothing,2,500,1000
204,2023-09-28,Cust204,Male,39,Beauty,1,25,25
205,2023-11-07,Cust205,Female,43,Clothing,1,25,25
206,2023-08-05,Cust206,Male,61,Clothing,1,25,25
207,2023-04-19,Cust207,Female,42,Beauty,2,25,50
208,2023-10-04,Cust208,Female,34,Electronics,4,50,200
209,2023-12-20,Cust209,Female,30,Electronics,4,50,200
210,2023-04-13,Cust210,Male,37,Electronics,4,50,200
211,2024-01-01,Cust211,Male,42,Beauty,3,500,1500
212,2023-06-09,Cust212,Male,21,Clothing,3,500,1500
213,2023-07-24,Cust213,Male,27,Beauty,3,500,1500
214,2023-12-10,Cust214,Male,20,Beauty,2,30,60
215,2023-11-29,Cust215,Male,58,Clothing,3,500,1500
216,2023-07-11,Cust216,Male,62,Electronics,2,50,100
217,2023-08-13,Cust217,Female,35,Electronics,4,50,200
218,2023-09-22,Cust218,Male,64,Beauty,3,30,90
219,2023-08-20,Cust219,Female,53,Electronics,3,30,90
220,2023-03-03,Cust220,Male,64,Beauty,1,500,500
221,2023-05-07,Cust221,Male,39,Beauty,2,300,600
222,2023-04-26,Cust222,Male,51,Clothing,4,30,120
223,2023-02-02,Cust223,Female,64,Clothing,1,25,25
224,2023-06-23,Cust224,Female,25,Clothing,1,50,50
225,2023-01-11,Cust225,Female,57,Beauty,4,25,100
226,2023-10-29,Cust226,Female,61,Clothing,1,50,50
227,2023-10-11,Cust227,Male,36,Electronics,2,50,100
228,2023-04-28,Cust228,Female,59,Electronics,2,30,60
229,2023-10-29,Cust229,Male,58,Beauty,3,30,90
230,2023-04-23,Cust230,Male,54,Beauty,1,25,25
231,2023-01-04,Cust231,Female,23,Clothing,3,50,150
232,2023-02-06,Cust232,Female,43,Beauty,1,25,25
233,2023-12-29,Cust233,Female,51,Beauty,2,300,600
234,2023-11-20,Cust234,Female,62,Electronics,2,25,50
235,2023-01-31,Cust235,Female,23,Electronics,2,500,1000
236,2023-04-28,Cust236,Female,54,Clothing,1,25,25
237,2023-02-04,Cust237,Female,50,Beauty,2,500,1000
238,2023-01-17,Cust238,Female,39,Beauty,1,500,500
239,2023-06-19,Cust239,Male,38,Electronics,3,500,1500
240,2023-02-06,Cust240,Female,23,Beauty,1,300,300
241,2023-09-21,Cust241,Female,23,Electronics,3,25,75
242,2023-05-02,Cust242,Male,21,Clothing,1,25,25
243,2023-05-23,Cust243,Female,47,Electronics,3,300,900
244,2023-12-09,Cust244,Male,28,Beauty,2,50,100
245,2023-09-06,Cust245,Male,47,Clothing,3,30,90
246,2023-04-20,Cust246,Female,48,Electronics,2,25,50
247,2023-10-04,Cust247,Male,41,Electronics,2,30,60
248,2023-03-09,Cust248,Male,26,Clothing,3,300,900
249,2023-10-20,Cust249,Male,20,Clothing,1,50,50
250,2023-10-23,Cust250,Male,48,Electronics,1,50,50
251,2023-08-31,Cust251,Female,57,Beauty,4,50,200
252,2023-05-05,Cust252,Male,54,Electronics,1,300,300
253,2023-08-31,Cust253,Female,53,Clothing,4,500,2000
254,2023-07-28,Cust254,Male,41,Electronics,1,500,500
255,2023-04-08,Cust255,Male,48,Clothing,1,30,30
256,2023-02-18,Cust256,Male,23,Clothing,2,500,1000
257,2023-02-19,Cust257,Male,19,Beauty,4,500,2000
258,2023-12-04,Cust258,Female,37,Clothing,1,50,50
259,2023-08-09,Cust259,Female,45,Clothing,4,50,200
260,2023-07-01,Cust260,Male,28,Beauty,2,30,60
261,2023-08-05,Cust261,Male,21,Clothing,2,25,50
262,2023-07-30,Cust262,Female,32,Beauty,4,30,120
263,2023-08-28,Cust263,Male,23,Beauty,2,30,60
264,2023-01-28,Cust264,Male,47,Clothing,3,300,900
265,2023-12-11,Cust265,Male,55,Clothing,3,300,900
266,2023-12-01,Cust266,Female,19,Electronics,2,30,60
267,2023-11-27,Cust267,Female,32,Beauty,3,30,90
268,2023-02-20,Cust268,Female,28,Electronics,1,30,30
269,2023-02-01,Cust269,Male,25,Clothing,4,500,2000
270,2023-07-26,Cust270,Male,43,Electronics,1,300,300
271,2023-06-23,Cust271,Female,62,Beauty,4,30,120
272,2023-02-25,Cust272,Female,61,Electronics,2,50,100
273,2023-05-08,Cust273,Female,22,Beauty,1,50,50
274,2023-04-09,Cust274,Female,23,Clothing,2,500,1000
275,2023-04-08,Cust275,Male,43,Clothing,2,500,1000
276,2023-10-02,Cust276,Female,21,Beauty,4,25,100
277,2023-08-18,Cust277,Male,36,Clothing,4,25,100
278,2023-03-13,Cust278,Female,37,Clothing,4,25,100
279,2023-08-05,Cust279,Male,50,Clothing,1,500,500
280,2023-04-04,Cust280,Female,37,Clothing,3,500,1500
281,2023-05-23,Cust281,Female,29,Beauty,4,500,2000
282,2023-08-25,Cust282,Female,64,Electronics,4,50,200
283,2023-05-08,Cust283,Female,18,Electronics,1,500,500
284,2023-02-08,Cust284,Male,43,Clothing,4,50,200
285,2023-08-15,Cust285,Female,31,Electronics,1,25,25
286,2023-10-09,Cust286,Male,55,Electronics,2,25,50
287,2023-02-20,Cust287,Male,54,Clothing,4,25,100
288,2023-01-26,Cust288,Male,28,Clothing,4,30,120
289,2023-11-30,Cust289,Male,53,Electronics,2,30,60
290,2023-10-04,Cust290,Female,30,Beauty,2,300,600
291,2023-01-08,Cust291,Male,60,Clothing,2,300,600
292,2023-02-17,Cust292,Male,20,Beauty,4,300,1200
293,2023-05-02,Cust293,Male,50,Electronics,3,30,90
294,2023-03-27,Cust294,Female,23,Clothing,3,30,90
295,2023-07-28,Cust295,Female,27,Beauty,3,300,900
296,2023-09-06,Cust296,Female,22,Clothing,4,300,1200
297,2023-09-04,Cust297,Female,40,Electronics,2,500,1000
298,2023-04-20,Cust298,Male,27,Beauty,4,300,1200
299,2023-07-25,Cust299,Male,61,Electronics,2,500,1000
300,2023-01-31,Cust300,Female,19,Electronics,4,50,200
301,2023-03-26,Cust301,Male,30,Clothing,4,30,120
302,2023-07-14,Cust302,Male,57,Beauty,2,300,600
303,2023-01-02,Cust303,Male,19,Electronics,3,30,90
304,2023-07-19,Cust304,Female,37,Electronics,2,30,60
305,2023-05-16,Cust305,Female,18,Beauty,1,30,30
306,2023-08-21,Cust306,Male,54,Electronics,1,50,50
307,2023-05-27,Cust307,Female,26,Electronics,2,25,50
308,2023-08-05,Cust308,Female,34,Beauty,4,300,1200
309,2023-12-23,Cust309,Female,26,Beauty,1,25,25
310,2023-10-12,Cust310,Female,28,Beauty,1,25,25
311,2023-12-05,Cust311,Female,32,Beauty,4,25,100
312,2023-09-07,Cust312,Male,41,Clothing,4,30,120
313,2023-03-21,Cust313,Female,55,Beauty,3,500,1500
314,2023-04-08,Cust314,Male,52,Clothing,4,30,120
315,2023-06-01,Cust315,Male,47,Clothing,2,30,60
316,2023-04-22,Cust316,Female,48,Clothing,2,25,50
317,2023-01-30,Cust317,Male,22,Electronics,3,30,90
318,2023-10-24,Cust318,Male,61,Clothing,1,25,25
319,2023-10-05,Cust319,Male,31,Clothing,1,500,500
320,2023-02-01,Cust320,Female,28,Electronics,4,300,1200
321,2023-06-10,Cust321,Female,26,Electronics,2,25,50
322,2023-01-30,Cust322,Male,51,Electronics,1,500,500
323,2023-01-26,Cust323,Female,29,Beauty,3,300,900
324,2023-10-27,Cust324,Female,52,Electronics,3,50,150
325,2023-09-02,Cust325,Female,52,Electronics,2,25,50
326,2023-09-15,Cust326,Female,18,Clothing,3,25,75
327,2023-09-29,Cust327,Male,57,Electronics,3,50,150
328,2023-03-22,Cust328,Male,39,Beauty,2,50,100
329,2023-01-30,Cust329,Female,46,Electronics,4,25,100
330,2023-09-18,Cust330,Female,25,Beauty,4,50,200
331,2023-02-11,Cust331,Male,28,Electronics,3,30,90
332,2023-04-06,Cust332,Male,58,Electronics,4,300,1200
333,2023-02-05,Cust333,Female,54,Electronics,4,300,1200
334,2023-11-01,Cust334,Male,31,Electronics,3,300,900
335,2023-02-04,Cust335,Female,47,Beauty,4,30,120
336,2023-12-12,Cust336,Female,52,Beauty,3,50,150
337,2023-05-01,Cust337,Male,38,Clothing,1,500,500
338,2023-07-26,Cust338,Male,54,Beauty,2,50,100
339,2023-03-03,Cust339,Female,22,Electronics,2,25,50
340,2023-10-19,Cust340,Female,36,Clothing,4,300,1200
341,2023-05-07,Cust341,Male,31,Clothing,4,50,200
342,2023-10-24,Cust342,Female,43,Clothing,4,500,2000
343,2023-11-01,Cust343,Male,21,Electronics,2,25,50
344,2023-01-21,Cust344,Female,42,Beauty,1,30,30
345,2023-11-14,Cust345,Male,62,Electronics,1,30,30
346,2023-02-11,Cust346,Male,59,Clothing,2,500,1000
347,2023-08-03,Cust347,Male,42,Electronics,1,25,25
348,2023-12-03,Cust348,Female,35,Electronics,2,300,600
349,2023-10-26,Cust349,Female,57,Beauty,1,50,50
350,2023-10-17,Cust350,Male,25,Beauty,3,25,75
351,2023-09-25,Cust351,Female,56,Clothing,3,30,90
352,2023-06-11,Cust352,Male,57,Electronics,2,500,1000
353,2023-05-14,Cust353,Male,31,Electronics,1,500,500
354,2023-04-15,Cust354,Female,49,Beauty,4,50,200
355,2023-12-09,Cust355,Female,55,Electronics,1,500,500
356,2023-06-10,Cust356,Male,50,Electronics,3,500,1500
357,2023-05-03,Cust357,Female,40,Electronics,3,25,75
358,2023-05-16,Cust358,Female,32,Beauty,1,300,300
359,2023-07-22,Cust359,Male,50,Clothing,1,50,50
360,2023-03-09,Cust360,Male,42,Clothing,4,25,100
361,2023-12-10,Cust361,Female,34,Electronics,4,300,1200
362,2023-11-27,Cust362,Male,50,Clothing,1,25,25
363,2023-06-03,Cust363,Male,64,Beauty,1,25,25
364,2023-08-23,Cust364,Female,19,Beauty,1,500,500
365,2023-06-11,Cust365,Male,31,Clothing,1,300,300
366,2023-02-07,Cust366,Male,57,Clothing,2,50,100
367,2023-01-05,Cust367,Female,57,Electronics,1,50,50
368,2023-08-23,Cust368,Female,56,Clothing,4,300,1200
369,2023-11-15,Cust369,Male,23,Electronics,3,500,1500
370,2023-10-16,Cust370,Male,23,Electronics,2,30,60
371,2023-02-21,Cust371,Female,20,Beauty,1,25,25
372,2023-02-07,Cust372,Female,24,Beauty,3,500,1500
373,2023-10-03,Cust373,Female,25,Beauty,2,300,600
374,2023-04-20,Cust374,Female,59,Beauty,3,25,75
375,2023-09-17,Cust375,Male,32,Clothing,1,50,50
376,2023-05-16,Cust376,Female,64,Beauty,1,30,30
377,2023-03-09,Cust377,Female,46,Clothing,4,50,200
378,2023-06-28,Cust378,Male,50,Beauty,1,300,300
379,2023-02-05,Cust379,Female,47,Clothing,1,25,25
380,2023-05-06,Cust380,Male,56,Electronics,2,300,600
381,2023-07-09,Cust381,Female,44,Clothing,4,25,100
382,2023-05-26,Cust382,Female,53,Clothing,2,500,1000
383,2023-03-22,Cust383,Female,46,Beauty,3,30,90
384,2023-08-13,Cust384,Male,55,Clothing,1,500,500
385,2023-10-06,Cust385,Male,50,Electronics,3,500,1500
386,2023-12-27,Cust386,Female,54,Electronics,2,300,600
387,2023-06-04,Cust387,Male,44,Beauty,1,30,30
388,2023-11-10,Cust388,Male,50,Electronics,1,25,25
389,2023-12-01,Cust389,Male,21,Clothing,2,25,50
390,2023-09-28,Cust390,Male,39,Electronics,2,50,100
391,2023-01-05,Cust391,Male,19,Beauty,2,25,50
392,2023-12-08,Cust392,Male,27,Clothing,2,300,600
393,2023-10-11,Cust393,Female,22,Beauty,2,500,1000
394,2023-06-03,Cust394,Female,27,Clothing,1,500,500
395,2023-12-06,Cust395,Male,50,Electronics,2,500,1000
396,2023-02-23,Cust396,Female,55,Beauty,1,30,30
397,2023-03-10,Cust397,Female,30,Beauty,1,25,25
398,2023-05-16,Cust398,Female,48,Clothing,2,300,600
399,2023-03-01,Cust399,Female,64,Beauty,2,30,60
400,2023-02-24,Cust400,Male,53,Clothing,4,50,200
401,2023-10-11,Cust401,Female,62,Clothing,1,300,300
402,2023-03-21,Cust402,Female,41,Clothing,2,300,600
403,2023-05-20,Cust403,Male,32,Clothing,2,300,600
404,2023-05-25,Cust404,Male,46,Electronics,2,500,1000
405,2023-11-06,Cust405,Female,25,Clothing,4,300,1200
406,2023-04-18,Cust406,Female,22,Beauty,4,25,100
407,2023-06-25,Cust407,Female,46,Electronics,3,300,900
408,2023-04-15,Cust408,Female,64,Beauty,1,500,500
409,2023-12-18,Cust409,Female,21,Electronics,3,300,900
410,2023-11-21,Cust410,Female,29,Clothing,2,50,100
411,2023-05-16,Cust411,Male,62,Electronics,4,50,200
412,2023-09-16,Cust412,Female,19,Electronics,4,500,2000
413,2023-09-08,Cust413,Female,44,Beauty,3,25,75
414,2023-05-09,Cust414,Male,48,Beauty,4,25,100
415,2023-01-27,Cust415,Male,53,Clothing,2,30,60
416,2023-02-17,Cust416,Male,53,Electronics,4,500,2000
417,2023-11-21,Cust417,Male,43,Electronics,3,300,900
418,2023-08-05,Cust418,Female,60,Electronics,2,500,1000
419,2023-05-22,Cust419,Female,44,Clothing,3,30,90
420,2023-01-23,Cust420,Female,22,Clothing,4,500,2000
421,2023-01-02,Cust421,Female,37,Clothing,3,500,1500
422,2023-06-20,Cust422,Female,28,Clothing,3,30,90
423,2023-03-08,Cust423,Female,27,Clothing,1,25,25
424,2023-11-23,Cust424,Male,57,Beauty,4,300,1200
425,2023-05-15,Cust425,Female,55,Electronics,4,30,120
426,2023-03-24,Cust426,Male,23,Electronics,3,50,150
427,2023-08-15,Cust427,Male,25,Electronics,1,25,25
428,2023-10-10,Cust428,Female,40,Electronics,4,50,200
429,2023-12-28,Cust429,Male,64,Electronics,2,25,50
430,2023-08-07,Cust430,Female,43,Electronics,3,300,900
431,2023-10-15,Cust431,Male,63,Electronics,4,300,1200
432,2023-01-05,Cust432,Female,60,Electronics,2,500,1000
433,2023-02-27,Cust433,Male,29,Beauty,4,50,200
434,2023-02-08,Cust434,Female,43,Electronics,2,25,50
435,2023-12-20,Cust435,Female,30,Beauty,3,300,900
436,2023-03-18,Cust436,Female,57,Clothing,4,30,120
437,2023-10-07,Cust437,Female,35,Electronics,4,300,1200
438,2023-01-19,Cust438,Female,42,Clothing,1,30,30
439,2023-07-09,Cust439,Male,50,Clothing,3,25,75
440,2023-10-26,Cust440,Male,64,Clothing,2,300,600
441,2023-10-10,Cust441,Male,57,Beauty,4,300,1200
442,2023-03-17,Cust442,Female,60,Clothing,4,25,100
443,2023-08-09,Cust443,Male,29,Clothing,2,300,600
444,2023-03-07,Cust444,Female,61,Clothing,3,30,90
445,2023-01-22,Cust445,Female,53,Electronics,1,300,300
446,2023-06-07,Cust446,Male,21,Electronics,1,50,50
447,2023-07-06,Cust447,Male,22,Beauty,4,500,2000
448,2023-01-21,Cust448,Female,54,Beauty,2,30,60
449,2023-07-03,Cust449,Male,25,Electronics,4,50,200
450,2023-04-18,Cust450,Female,59,Beauty,2,25,50
451,2023-12-16,Cust451,Female,45,Electronics,1,30,30
452,2023-05-08,Cust452,Female,48,Clothing,3,500,1500
453,2023-12-08,Cust453,Female,26,Clothing,2,500,1000
454,2023-02-22,Cust454,Female,46,Beauty,1,25,25
455,2023-07-01,Cust455,Male,31,Electronics,4,25,100
456,2023-10-14,Cust456,Male,57,Electronics,2,30,60
457,2023-07-28,Cust457,Female,58,Beauty,3,300,900
458,2023-11-14,Cust458,Female,39,Electronics,4,25,100
459,2023-03-21,Cust459,Male,28,Clothing,4,300,1200
460,2023-05-02,Cust460,Male,40,Beauty,1,50,50
461,2023-03-25,Cust461,Female,18,Beauty,2,500,1000
462,2023-04-01,Cust462,Male,63,Electronics,4,300,1200
463,2023-07-31,Cust463,Female,54,Beauty,3,500,1500
464,2023-01-13,Cust464,Male,38,Electronics,2,300,600
465,2023-04-02,Cust465,Female,43,Electronics,3,50,150
466,2023-06-20,Cust466,Male,63,Electronics,4,25,100
467,2023-07-30,Cust467,Female,53,Electronics,3,50,150
468,2023-12-09,Cust468,Male,40,Electronics,1,25,25
469,2023-05-08,Cust469,Male,18,Beauty,3,25,75
470,2023-05-17,Cust470,Female,57,Clothing,2,500,1000
471,2023-03-23,Cust471,Male,32,Clothing,3,50,150
472,2023-12-26,Cust472,Female,38,Beauty,3,300,900
473,2023-02-25,Cust473,Male,64,Beauty,1,50,50
474,2023-07-15,Cust474,Female,26,Clothing,3,500,1500
475,2023-01-20,Cust475,Male,26,Clothing,3,25,75
476,2023-08-29,Cust476,Female,27,Clothing,4,500,2000
477,2023-04-24,Cust477,Male,43,Clothing,4,30,120
478,2023-04-13,Cust478,Female,58,Clothing,2,30,60
479,2023-08-24,Cust479,Male,52,Electronics,4,300,1200
480,2023-06-29,Cust480,Female,42,Beauty,4,500,2000
481,2023-06-06,Cust481,Female,43,Electronics,4,300,1200
482,2023-04-27,Cust482,Female,28,Clothing,4,300,1200
483,2023-04-25,Cust483,Male,55,Clothing,1,30,30
484,2023-01-13,Cust484,Female,19,Clothing,4,300,1200
485,2023-12-04,Cust485,Male,24,Electronics,1,30,30
486,2023-04-09,Cust486,Female,35,Electronics,1,25,25
487,2023-07-24,Cust487,Male,44,Clothing,4,500,2000
488,2023-06-18,Cust488,Female,51,Electronics,3,300,900
489,2023-05-23,Cust489,Male,44,Electronics,1,30,30
490,2023-02-05,Cust490,Male,34,Clothing,3,50,150
491,2023-05-23,Cust491,Female,60,Electronics,3,300,900
492,2023-06-29,Cust492,Male,61,Beauty,4,25,100
493,2023-11-25,Cust493,Male,41,Beauty,2,25,50
494,2023-09-18,Cust494,Female,42,Beauty,4,50,200
495,2023-07-24,Cust495,Male,24,Beauty,2,30,60
496,2023-12-14,Cust496,Male,23,Clothing,2,300,600
497,2023-10-02,Cust497,Male,41,Clothing,4,30,120
498,2023-06-19,Cust498,Female,50,Clothing,4,25,100
499,2023-01-15,Cust499,Male,46,Beauty,2,30,60
500,2023-03-01,Cust500,Female,60,Beauty,4,25,100
501,2023-05-14,Cust501,Male,39,Electronics,2,30,60
502,2023-04-02,Cust502,Male,43,Electronics,3,50,150
503,2023-10-25,Cust503,Male,45,Beauty,4,500,2000
504,2023-05-16,Cust504,Female,38,Beauty,3,50,150
505,2023-01-20,Cust505,Male,24,Beauty,1,50,50
506,2023-02-25,Cust506,Male,34,Beauty,3,500,1500
507,2023-11-02,Cust507,Female,37,Electronics,3,500,1500
508,2023-08-11,Cust508,Male,58,Beauty,2,300,600
509,2023-06-26,Cust509,Female,37,Electronics,3,300,900
510,2023-06-10,Cust510,Female,39,Beauty,4,50,200
511,2023-08-12,Cust511,Male,45,Beauty,2,50,100
512,2023-11-07,Cust512,Female,57,Beauty,1,25,25
513,2023-09-19,Cust513,Male,24,Electronics,4,25,100
514,2023-03-01,Cust514,Female,18,Electronics,1,300,300
515,2023-07-17,Cust515,Female,49,Clothing,3,300,900
516,2023-10-23,Cust516,Male,30,Beauty,4,25,100
517,2023-04-08,Cust517,Female,47,Clothing,4,25,100
518,2023-05-11,Cust518,Female,40,Clothing,1,30,30
519,2023-01-23,Cust519,Female,36,Electronics,4,30,120
520,2023-12-29,Cust520,Female,49,Electronics,4,25,100
521,2023-08-12,Cust521,Female,47,Clothing,4,30,120
522,2023-01-01,Cust522,Male,46,Beauty,3,500,1500
523,2023-09-24,Cust523,Female,62,Electronics,1,300,300
524,2023-10-03,Cust524,Male,46,Beauty,4,300,1200
525,2023-12-18,Cust525,Female,47,Beauty,2,25,50
526,2023-12-10,Cust526,Male,33,Clothing,2,50,100
527,2023-04-11,Cust527,Male,57,Clothing,2,25,50
528,2023-07-06,Cust528,Female,36,Clothing,2,30,60
529,2023-08-09,Cust529,Female,35,Clothing,3,50,150
530,2023-02-05,Cust530,Female,18,Electronics,4,30,120
531,2023-12-07,Cust531,Male,31,Electronics,1,500,500
532,2023-06-19,Cust532,Female,64,Clothing,4,30,120
533,2023-11-16,Cust533,Male,19,Electronics,3,500,1500
534,2023-06-10,Cust534,Male,45,Clothing,2,500,1000
535,2023-12-06,Cust535,Male,47,Beauty,3,30,90
536,2023-03-05,Cust536,Female,55,Beauty,4,30,120
537,2023-06-03,Cust537,Female,21,Beauty,1,500,500
538,2023-09-17,Cust538,Male,18,Clothing,3,50,150
539,2023-06-08,Cust539,Male,25,Beauty,1,500,500
540,2023-12-08,Cust540,Female,46,Electronics,3,300,900
541,2023-07-29,Cust541,Male,56,Beauty,1,500,500
542,2023-06-17,Cust542,Female,20,Beauty,1,50,50
543,2023-07-26,Cust543,Male,49,Beauty,2,300,600
544,2023-12-23,Cust544,Female,27,Electronics,1,25,25
545,2023-06-01,Cust545,Male,27,Clothing,2,25,50
546,2023-10-11,Cust546,Female,36,Electronics,4,50,200
547,2023-03-07,Cust547,Male,63,Clothing,4,500,2000
548,2023-04-09,Cust548,Female,51,Clothing,2,30,60
549,2023-08-04,Cust549,Female,50,Beauty,2,50,100
550,2023-12-07,Cust550,Male,40,Clothing,3,300,900
551,2023-07-14,Cust551,Male,45,Electronics,3,300,900
552,2023-12-13,Cust552,Female,49,Electronics,3,25,75
553,2023-03-31,Cust553,Male,24,Clothing,4,300,1200
554,2023-11-12,Cust554,Female,46,Beauty,3,50,150
555,2023-10-19,Cust555,Male,25,Beauty,1,300,300
556,2023-06-04,Cust556,Female,18,Electronics,1,50,50
557,2023-07-27,Cust557,Female,20,Beauty,3,30,90
558,2023-10-08,Cust558,Female,41,Clothing,1,25,25
559,2023-01-01,Cust559,Female,40,Clothing,4,300,1200
560,2023-06-05,Cust560,Female,25,Electronics,1,50,50
561,2023-05-27,Cust561,Female,64,Clothing,4,500,2000
562,2023-04-18,Cust562,Male,54,Electronics,2,25,50
563,2023-08-09,Cust563,Male,20,Clothing,2,30,60
564,2023-10-24,Cust564,Male,50,Electronics,2,50,100
565,2023-11-07,Cust565,Female,45,Beauty,2,30,60
566,2023-12-02,Cust566,Female,64,Clothing,1,30,30
567,2023-06-14,Cust567,Female,25,Clothing,3,300,900
568,2023-08-27,Cust568,Female,51,Electronics,1,300,300
569,2023-08-15,Cust569,Male,52,Electronics,4,50,200
570,2023-08-15,Cust570,Male,49,Clothing,1,500,500
571,2023-12-12,Cust571,Female,41,Electronics,1,50,50
572,2023-04-20,Cust572,Male,31,Clothing,4,500,2000
573,2023-09-19,Cust573,Male,49,Beauty,2,30,60
574,2023-08-31,Cust574,Female,63,Electronics,2,25,50
575,2023-03-28,Cust575,Male,60,Clothing,2,50,100
576,2023-12-04,Cust576,Female,33,Beauty,3,50,150
577,2023-02-13,Cust577,Male,21,Beauty,4,500,2000
578,2023-05-26,Cust578,Female,54,Clothing,4,30,120
579,2023-09-21,Cust579,Female,38,Electronics,1,30,30
580,2023-12-06,Cust580,Female,31,Clothing,3,500,1500
581,2023-11-21,Cust581,Female,48,Beauty,2,30,60
582,2023-11-14,Cust582,Male,35,Clothing,3,300,900
583,2023-06-21,Cust583,Female,24,Electronics,4,25,100
584,2023-02-17,Cust584,Female,27,Beauty,4,50,200
585,2023-05-01,Cust585,Female,24,Clothing,1,25,25
586,2023-12-11,Cust586,Male,50,Electronics,1,50,50
587,2023-06-08,Cust587,Female,40,Beauty,4,300,1200
588,2023-04-26,Cust588,Male,38,Electronics,2,30,60
589,2023-04-12,Cust589,Female,36,Beauty,2,500,1000
590,2023-03-17,Cust590,Male,36,Clothing,3,300,900
591,2023-01-13,Cust591,Male,53,Electronics,4,25,100
592,2023-01-24,Cust592,Female,46,Beauty,4,500,2000
593,2023-05-06,Cust593,Male,35,Electronics,2,30,60
594,2023-09-01,Cust594,Female,19,Electronics,2,300,600
595,2023-11-09,Cust595,Female,18,Clothing,4,500,2000
596,2023-02-07,Cust596,Female,64,Electronics,1,300,300
597,2023-08-22,Cust597,Male,22,Beauty,4,300,1200
598,2023-08-01,Cust598,Male,37,Beauty,4,30,120
599,2023-11-19,Cust599,Female,28,Beauty,2,50,100
600,2023-10-22,Cust600,Female,59,Beauty,2,500,1000
601,2023-04-10,Cust601,Male,19,Clothing,1,30,30
602,2023-12-23,Cust602,Female,20,Electronics,1,300,300
603,2023-07-16,Cust603,Female,40,Clothing,3,30,90
604,2023-09-11,Cust604,Female,29,Electronics,4,50,200
605,2023-07-24,Cust605,Male,37,Electronics,2,500,1000
606,2023-05-05,Cust606,Male,22,Electronics,1,50,50
607,2023-03-17,Cust607,Male,54,Clothing,3,25,75
608,2023-12-02,Cust608,Female,55,Electronics,3,500,1500
609,2023-12-19,Cust609,Female,47,Clothing,2,50,100
610,2023-01-03,Cust610,Female,26,Beauty,2,300,600
611,2023-02-24,Cust611,Male,51,Beauty,3,500,1500
612,2023-08-06,Cust612,Female,61,Electronics,1,500,500
613,2023-04-23,Cust613,Female,52,Clothing,3,30,90
614,2023-04-01,Cust614,Female,39,Beauty,4,300,1200
615,2023-12-23,Cust615,Female,61,Clothing,4,25,100
616,2023-09-23,Cust616,Male,41,Clothing,2,50,100
617,2023-08-26,Cust617,Male,34,Electronics,1,30,30
618,2023-01-26,Cust618,Female,27,Beauty,1,50,50
619,2023-10-13,Cust619,Male,47,Electronics,4,25,100
620,2023-05-08,Cust620,Male,63,Electronics,3,25,75
621,2023-03-04,Cust621,Female,40,Beauty,2,500,1000
622,2023-08-22,Cust622,Female,49,Beauty,3,25,75
623,2023-03-10,Cust623,Male,34,Clothing,3,50,150
624,2023-08-26,Cust624,Female,34,Beauty,3,300,900
625,2023-12-08,Cust625,Male,31,Clothing,1,300,300
626,2023-09-29,Cust626,Female,26,Clothing,4,500,2000
627,2023-10-14,Cust627,Male,57,Clothing,1,50,50
628,2023-11-01,Cust628,Female,19,Beauty,4,50,200
629,2023-06-12,Cust629,Male,62,Electronics,2,25,50
630,2023-08-15,Cust630,Male,42,Clothing,2,50,100
631,2023-11-10,Cust631,Male,56,Electronics,3,30,90
632,2023-09-16,Cust632,Female,26,Electronics,4,25,100
633,2023-08-07,Cust633,Male,39,Beauty,4,30,120
634,2023-10-08,Cust634,Male,60,Electronics,4,500,2000
635,2023-08-17,Cust635,Female,63,Electronics,3,300,900
636,2023-03-23,Cust636,Female,21,Beauty,3,500,1500
637,2023-09-01,Cust637,Male,43,Clothing,2,300,600
638,2023-08-19,Cust638,Male,46,Electronics,1,500,500
639,2023-05-13,Cust639,Female,62,Beauty,4,50,200
640,2023-05-07,Cust640,Female,51,Electronics,4,30,120
641,2023-11-23,Cust641,Female,40,Electronics,1,300,300
642,2023-05-22,Cust642,Female,54,Clothing,4,25,100
643,2023-09-24,Cust643,Female,28,Electronics,3,30,90
644,2023-09-06,Cust644,Male,23,Beauty,3,25,75
645,2023-11-17,Cust645,Female,35,Electronics,4,30,120
646,2023-05-03,Cust646,Male,38,Clothing,3,30,90
647,2023-05-21,Cust647,Male,59,Clothing,3,500,1500
648,2023-08-14,Cust648,Male,53,Beauty,4,300,1200
649,2023-02-09,Cust649,Female,58,Clothing,2,300,600
650,2024-01-01,Cust650,Male,55,Electronics,1,30,30
651,2023-05-27,Cust651,Male,51,Clothing,3,50,150
652,2023-05-01,Cust652,Female,34,Beauty,2,50,100
653,2023-05-20,Cust653,Male,54,Clothing,3,25,75
654,2023-06-21,Cust654,Male,42,Clothing,3,25,75
655,2023-06-13,Cust655,Female,55,Clothing,1,500,500
656,2023-10-04,Cust656,Male,29,Beauty,3,30,90
657,2023-02-11,Cust657,Male,40,Clothing,1,25,25
658,2023-03-12,Cust658,Male,59,Clothing,1,25,25
659,2023-03-19,Cust659,Female,39,Electronics,1,30,30
660,2023-04-29,Cust660,Female,38,Beauty,2,500,1000
661,2023-07-16,Cust661,Female,44,Clothing,4,25,100
662,2023-12-22,Cust662,Male,48,Beauty,2,500,1000
663,2023-03-20,Cust663,Male,23,Clothing,4,300,1200
664,2023-12-28,Cust664,Female,44,Clothing,4,500,2000
665,2023-04-20,Cust665,Male,57,Clothing,1,50,50
666,2023-02-02,Cust666,Male,51,Electronics,3,50,150
667,2023-08-01,Cust667,Female,29,Electronics,1,500,500
668,2023-07-28,Cust668,Female,62,Electronics,3,50,150
669,2023-06-19,Cust669,Male,24,Beauty,4,300,1200
670,2023-10-05,Cust670,Male,27,Beauty,1,30,30
671,2023-08-27,Cust671,Male,62,Electronics,3,50,150
672,2023-08-01,Cust672,Female,34,Beauty,2,50,100
673,2023-02-01,Cust673,Female,43,Clothing,3,500,1500
674,2023-04-16,Cust674,Female,38,Clothing,1,300,300
675,2023-08-04,Cust675,Female,45,Clothing,2,30,60
676,2023-07-19,Cust676,Male,63,Electronics,3,500,1500
677,2023-10-27,Cust677,Female,19,Beauty,3,500,1500
678,2023-12-23,Cust678,Female,60,Electronics,3,300,900
679,2023-01-11,Cust679,Female,18,Beauty,3,30,90
680,2023-10-22,Cust680,Female,53,Clothing,3,300,900
681,2023-07-14,Cust681,Female,43,Electronics,2,30,60
682,2023-09-02,Cust682,Male,46,Beauty,4,300,1200
683,2023-01-04,Cust683,Male,38,Beauty,2,500,1000
684,2023-06-30,Cust684,Female,28,Clothing,2,500,1000
685,2023-06-02,Cust685,Male,57,Electronics,2,25,50
686,2023-07-19,Cust686,Female,28,Electronics,4,50,200
687,2023-08-03,Cust687,Female,53,Electronics,1,300,300
688,2023-10-03,Cust688,Male,56,Clothing,4,25,100
689,2023-10-07,Cust689,Male,57,Electronics,2,50,100
690,2023-11-05,Cust690,Female,52,Clothing,3,300,900
691,2023-04-23,Cust691,Female,51,Clothing,3,30,90
692,2023-09-07,Cust692,Female,64,Clothing,2,50,100
693,2023-04-23,Cust693,Male,41,Beauty,3,500,1500
694,2023-05-20,Cust694,Female,39,Electronics,2,25,50
695,2023-08-12,Cust695,Female,22,Electronics,3,50,150
696,2023-09-06,Cust696,Female,50,Clothing,4,50,200
697,2023-01-15,Cust697,Male,53,Clothing,1,500,500
698,2023-07-19,Cust698,Female,64,Electronics,1,300,300
699,2023-06-22,Cust699,Female,37,Clothing,4,30,120
700,2023-12-09,Cust700,Male,36,Electronics,4,500,2000
701,2023-12-14,Cust701,Female,52,Beauty,2,30,60
702,2023-07-27,Cust702,Female,60,Clothing,2,300,600
703,2023-03-26,Cust703,Male,34,Electronics,2,50,100
704,2023-08-28,Cust704,Female,62,Clothing,3,30,90
705,2023-03-07,Cust705,Male,60,Electronics,2,25,50
706,2023-11-15,Cust706,Male,51,Electronics,4,25,100
707,2023-10-01,Cust707,Female,26,Clothing,1,500,500
708,2023-01-14,Cust708,Female,43,Beauty,3,300,900
709,2023-07-21,Cust709,Female,19,Electronics,2,500,1000
710,2023-10-31,Cust710,Female,26,Electronics,3,500,1500
711,2023-10-16,Cust711,Male,26,Electronics,3,500,1500
712,2023-12-06,Cust712,Female,57,Beauty,2,25,50
713,2023-01-14,Cust713,Male,34,Beauty,3,25,75
714,2023-02-12,Cust714,Female,18,Clothing,1,500,500
715,2023-11-26,Cust715,Female,42,Beauty,4,25,100
716,2023-08-08,Cust716,Female,60,Clothing,4,300,1200
717,2023-03-11,Cust717,Male,57,Clothing,1,500,500
718,2023-08-25,Cust718,Female,59,Beauty,3,25,75
719,2023-04-04,Cust719,Female,42,Clothing,2,30,60
720,2023-01-26,Cust720,Female,56,Beauty,3,500,1500
721,2023-05-14,Cust721,Female,52,Clothing,1,500,500
722,2023-07-14,Cust722,Male,20,Beauty,3,300,900
723,2023-06-17,Cust723,Female,54,Beauty,4,50,200
724,2023-04-19,Cust724,Male,61,Clothing,3,50,150
725,2023-08-21,Cust725,Male,61,Electronics,1,300,300
726,2023-06-17,Cust726,Male,47,Clothing,4,300,1200
727,2023-06-22,Cust727,Male,55,Beauty,3,300,900
728,2023-07-14,Cust728,Male,51,Electronics,3,50,150
729,2023-05-23,Cust729,Male,29,Clothing,4,300,1200
730,2023-08-04,Cust730,Female,36,Clothing,2,25,50
731,2023-05-10,Cust731,Male,54,Clothing,4,500,2000
732,2023-02-11,Cust732,Male,61,Electronics,2,500,1000
733,2023-08-29,Cust733,Male,34,Beauty,1,30,30
734,2023-01-10,Cust734,Female,27,Clothing,1,30,30
735,2023-10-04,Cust735,Female,64,Clothing,4,500,2000
736,2023-01-27,Cust736,Male,29,Clothing,4,25,100
737,2023-06-29,Cust737,Female,33,Clothing,1,50,50
738,2023-04-25,Cust738,Male,41,Clothing,2,50,100
739,2023-11-29,Cust739,Male,36,Beauty,1,25,25
740,2023-02-05,Cust740,Female,25,Beauty,4,50,200
741,2023-11-30,Cust741,Male,48,Clothing,1,300,300
742,2023-01-21,Cust742,Female,38,Electronics,4,500,2000
743,2023-01-16,Cust743,Female,34,Beauty,4,500,2000
744,2023-05-07,Cust744,Male,40,Electronics,1,25,25
745,2023-04-13,Cust745,Male,54,Beauty,2,50,100
746,2023-01-11,Cust746,Female,33,Clothing,3,30,90
747,2023-11-15,Cust747,Male,23,Beauty,1,30,30
748,2023-03-20,Cust748,Male,25,Clothing,3,50,150
749,2023-05-03,Cust749,Male,42,Beauty,1,30,30
750,2023-03-06,Cust750,Female,35,Clothing,3,25,75
751,2023-08-31,Cust751,Female,42,Clothing,2,25,50
752,2023-12-09,Cust752,Male,29,Clothing,2,50,100
753,2023-02-28,Cust753,Female,32,Clothing,1,30,30
754,2023-10-16,Cust754,Female,43,Electronics,4,25,100
755,2023-04-22,Cust755,Female,58,Clothing,3,25,75
756,2023-08-27,Cust756,Female,62,Electronics,4,300,1200
757,2023-12-25,Cust757,Female,43,Electronics,4,300,1200
758,2023-05-12,Cust758,Male,64,Clothing,4,25,100
759,2023-07-08,Cust759,Male,49,Electronics,2,50,100
760,2023-03-27,Cust760,Male,27,Beauty,1,500,500
761,2023-11-07,Cust761,Female,33,Clothing,1,500,500
762,2023-11-07,Cust762,Female,24,Electronics,2,25,50
763,2023-02-28,Cust763,Male,34,Clothing,2,25,50
764,2023-03-25,Cust764,Female,40,Clothing,1,25,25
765,2023-06-09,Cust765,Male,43,Clothing,4,50,200
766,2023-02-25,Cust766,Male,38,Electronics,3,300,900
767,2023-10-24,Cust767,Male,39,Beauty,3,25,75
768,2023-01-14,Cust768,Female,24,Beauty,3,25,75
769,2023-06-09,Cust769,Female,31,Electronics,4,30,120
770,2023-10-22,Cust770,Male,32,Clothing,1,50,50
771,2023-12-13,Cust771,Male,24,Electronics,2,25,50
772,2023-07-12,Cust772,Male,26,Electronics,1,30,30
773,2023-07-23,Cust773,Male,25,Electronics,4,500,2000
774,2023-04-12,Cust774,Female,40,Clothing,2,25,50
775,2023-02-08,Cust775,Female,46,Electronics,4,25,100
776,2023-10-31,Cust776,Male,35,Clothing,3,30,90
777,2023-12-20,Cust777,Male,48,Electronics,3,50,150
778,2023-11-18,Cust778,Female,47,Beauty,4,25,100
779,2023-05-05,Cust779,Female,56,Electronics,2,500,1000
780,2023-02-22,Cust780,Male,52,Electronics,2,25,50
781,2023-12-23,Cust781,Male,35,Beauty,1,500,500
782,2023-06-04,Cust782,Male,59,Clothing,3,300,900
783,2023-12-17,Cust783,Female,56,Clothing,1,300,300
784,2023-11-04,Cust784,Female,34,Electronics,1,500,500
785,2023-03-03,Cust785,Female,31,Beauty,4,50,200
786,2023-10-17,Cust786,Male,48,Clothing,4,25,100
787,2023-01-22,Cust787,Male,41,Electronics,1,25,25
788,2023-06-27,Cust788,Female,52,Beauty,3,300,900
789,2023-09-30,Cust789,Female,61,Clothing,4,500,2000
790,2023-08-08,Cust790,Male,62,Clothing,1,25,25
791,2023-12-05,Cust791,Female,51,Beauty,1,25,25
792,2023-07-09,Cust792,Female,20,Beauty,1,50,50
793,2023-02-05,Cust793,Male,54,Beauty,1,30,30
794,2023-09-17,Cust794,Female,60,Beauty,1,300,300
795,2023-11-28,Cust795,Male,57,Electronics,1,300,300
796,2023-06-24,Cust796,Male,43,Beauty,4,30,120
797,2023-01-07,Cust797,Male,40,Clothing,3,25,75
798,2023-08-04,Cust798,Male,61,Clothing,1,50,50
799,2023-09-08,Cust799,Male,56,Electronics,2,50,100
800,2023-02-24,Cust800,Male,32,Clothing,4,300,1200
801,2023-08-10,Cust801,Male,21,Clothing,4,50,200
802,2023-07-05,Cust802,Female,46,Beauty,1,30,30
803,2023-11-22,Cust803,Male,39,Clothing,4,25,100
804,2023-08-24,Cust804,Male,42,Electronics,1,30,30
805,2023-12-29,Cust805,Female,30,Beauty,3,500,1500
806,2023-03-20,Cust806,Female,35,Beauty,3,300,900
807,2023-08-11,Cust807,Female,50,Electronics,4,50,200
808,2023-04-01,Cust808,Male,33,Beauty,4,500,2000
809,2023-09-25,Cust809,Female,62,Beauty,2,50,100
810,2023-11-30,Cust810,Male,59,Electronics,4,25,100
811,2023-05-19,Cust811,Male,61,Beauty,2,25,50
812,2023-11-12,Cust812,Male,19,Electronics,3,25,75
813,2023-10-03,Cust813,Male,52,Electronics,3,50,150
814,2023-09-05,Cust814,Female,59,Clothing,1,500,500
815,2023-08-27,Cust815,Female,51,Clothing,3,25,75
816,2023-08-12,Cust816,Male,47,Beauty,2,500,1000
817,2023-10-31,Cust817,Male,30,Beauty,4,50,200
818,2023-05-18,Cust818,Male,30,Electronics,1,500,500
819,2023-06-15,Cust819,Female,35,Beauty,2,50,100
820,2023-05-06,Cust820,Male,49,Electronics,4,50,200
821,2023-02-14,Cust821,Male,49,Electronics,1,300,300
822,2023-05-23,Cust822,Female,52,Beauty,3,50,150
823,2023-08-19,Cust823,Female,56,Electronics,2,50,100
824,2023-05-05,Cust824,Male,63,Clothing,4,30,120
825,2023-08-26,Cust825,Female,46,Beauty,1,25,25
826,2023-10-19,Cust826,Female,46,Clothing,1,300,300
827,2023-11-09,Cust827,Male,61,Beauty,3,300,900
828,2023-12-09,Cust828,Female,33,Electronics,4,300,1200
829,2023-07-14,Cust829,Male,61,Beauty,3,30,90
830,2023-06-22,Cust830,Female,64,Clothing,3,50,150
831,2023-01-15,Cust831,Male,27,Electronics,4,25,100
832,2023-09-11,Cust832,Male,47,Beauty,4,500,2000
833,2023-06-16,Cust833,Male,42,Beauty,4,50,200
834,2023-04-04,Cust834,Female,56,Beauty,2,30,60
835,2023-09-07,Cust835,Male,37,Clothing,4,50,200
836,2023-04-19,Cust836,Female,22,Clothing,1,50,50
837,2023-07-01,Cust837,Male,18,Beauty,3,30,90
838,2023-05-13,Cust838,Male,47,Electronics,2,300,600
839,2023-06-24,Cust839,Female,20,Electronics,4,300,1200
840,2023-05-24,Cust840,Male,62,Clothing,2,25,50
841,2023-11-02,Cust841,Male,31,Electronics,4,25,100
842,2023-12-26,Cust842,Female,47,Clothing,2,300,600
843,2023-05-22,Cust843,Male,21,Beauty,3,500,1500
844,2023-10-12,Cust844,Male,35,Clothing,3,50,150
845,2023-01-06,Cust845,Male,54,Clothing,1,500,500
846,2023-09-22,Cust846,Male,42,Beauty,1,50,50
847,2023-04-08,Cust847,Female,18,Electronics,4,300,1200
848,2023-02-13,Cust848,Female,63,Clothing,3,25,75
849,2023-05-04,Cust849,Male,32,Clothing,2,25,50
850,2023-07-28,Cust850,Female,26,Beauty,2,500,1000
851,2023-09-08,Cust851,Male,32,Electronics,2,25,50
852,2023-10-12,Cust852,Female,41,Clothing,1,300,300
853,2023-05-04,Cust853,Male,21,Beauty,2,500,1000
854,2023-12-20,Cust854,Male,29,Clothing,1,50,50
855,2023-09-01,Cust855,Male,54,Beauty,1,25,25
856,2023-11-27,Cust856,Male,54,Electronics,4,30,120
857,2023-12-31,Cust857,Male,60,Electronics,2,25,50
858,2023-09-09,Cust858,Male,23,Electronics,2,50,100
859,2023-08-18,Cust859,Female,56,Electronics,3,500,1500
860,2023-01-09,Cust860,Male,63,Clothing,4,50,200
861,2023-02-17,Cust861,Female,41,Clothing,3,30,90
862,2023-05-31,Cust862,Male,28,Electronics,4,300,1200
863,2023-04-24,Cust863,Female,30,Electronics,2,25,50
864,2023-07-27,Cust864,Female,51,Electronics,1,500,500
865,2023-12-21,Cust865,Female,42,Clothing,1,300,300
866,2023-05-05,Cust866,Male,24,Electronics,1,50,50
867,2023-06-06,Cust867,Male,21,Electronics,1,500,500
868,2023-12-06,Cust868,Female,25,Electronics,1,300,300
869,2023-10-25,Cust869,Male,37,Beauty,3,500,1500
870,2023-07-08,Cust870,Female,46,Electronics,4,30,120
871,2023-08-31,Cust871,Male,62,Beauty,2,30,60
872,2023-10-11,Cust872,Female,63,Beauty,3,25,75
873,2023-09-29,Cust873,Female,27,Electronics,4,25,100
874,2023-06-26,Cust874,Male,60,Beauty,1,30,30
875,2023-08-06,Cust875,Female,51,Electronics,4,500,2000
876,2023-10-09,Cust876,Male,43,Clothing,4,30,120
877,2023-06-19,Cust877,Female,58,Clothing,1,25,25
878,2023-06-30,Cust878,Female,20,Clothing,1,30,30
879,2023-12-26,Cust879,Male,23,Clothing,1,30,30
880,2023-08-21,Cust880,Male,22,Beauty,2,500,1000
881,2023-05-19,Cust881,Male,22,Electronics,1,300,300
882,2023-06-06,Cust882,Female,64,Electronics,2,25,50
883,2023-05-09,Cust883,Male,40,Electronics,1,500,500
884,2023-04-29,Cust884,Female,26,Clothing,2,30,60
885,2023-03-03,Cust885,Female,52,Clothing,4,30,120
886,2023-04-09,Cust886,Male,37,Electronics,3,300,900
887,2023-06-11,Cust887,Male,59,Clothing,4,25,100
888,2023-03-03,Cust888,Female,52,Electronics,4,25,100
889,2023-10-02,Cust889,Female,35,Electronics,1,50,50
890,2023-12-20,Cust890,Male,34,Electronics,2,25,50
891,2023-04-05,Cust891,Male,41,Electronics,3,300,900
892,2023-04-09,Cust892,Male,20,Electronics,1,50,50
893,2023-04-21,Cust893,Male,49,Electronics,1,50,50
894,2023-09-05,Cust894,Male,52,Electronics,1,30,30
895,2023-05-22,Cust895,Female,55,Clothing,4,30,120
896,2023-10-29,Cust896,Female,30,Electronics,2,25,50
897,2023-09-26,Cust897,Female,64,Electronics,2,50,100
898,2023-11-02,Cust898,Female,42,Clothing,3,30,90
899,2023-05-25,Cust899,Male,26,Clothing,2,300,600
900,2023-02-21,Cust900,Male,21,Clothing,2,30,60
901,2023-04-10,Cust901,Male,31,Electronics,1,30,30
902,2023-06-01,Cust902,Female,54,Beauty,1,50,50
903,2023-04-27,Cust903,Female,51,Beauty,4,50,200
904,2023-07-04,Cust904,Male,28,Clothing,1,500,500
905,2023-04-02,Cust905,Male,58,Beauty,1,300,300
906,2023-06-04,Cust906,Female,20,Clothing,1,50,50
907,2023-01-08,Cust907,Female,45,Electronics,1,25,25
908,2023-12-29,Cust908,Male,46,Beauty,4,300,1200
909,2023-10-01,Cust909,Male,26,Electronics,1,300,300
910,2023-03-06,Cust910,Female,20,Beauty,3,50,150
911,2023-05-21,Cust911,Male,42,Electronics,3,300,900
912,2023-01-24,Cust912,Male,51,Beauty,3,50,150
913,2023-01-28,Cust913,Male,29,Electronics,3,30,90
914,2023-10-11,Cust914,Female,59,Electronics,1,500,500
915,2023-05-30,Cust915,Female,26,Beauty,3,30,90
916,2023-12-24,Cust916,Female,32,Electronics,1,50,50
917,2023-03-06,Cust917,Female,57,Electronics,4,50,200
918,2023-11-23,Cust918,Female,42,Electronics,3,30,90
919,2023-09-09,Cust919,Female,22,Beauty,2,25,50
920,2023-02-22,Cust920,Female,28,Beauty,3,25,75
921,2023-01-07,Cust921,Male,51,Electronics,3,25,75
922,2023-10-21,Cust922,Male,41,Electronics,1,50,50
923,2023-05-26,Cust923,Male,32,Beauty,3,300,900
924,2023-08-29,Cust924,Male,55,Beauty,2,50,100
925,2023-09-03,Cust925,Male,25,Electronics,1,300,300
926,2023-08-14,Cust926,Male,22,Electronics,1,30,30
927,2023-06-24,Cust927,Male,43,Electronics,4,500,2000
928,2023-04-05,Cust928,Female,35,Clothing,4,300,1200
929,2023-01-27,Cust929,Female,23,Beauty,3,25,75
930,2023-05-10,Cust930,Male,54,Clothing,4,50,200
931,2023-09-02,Cust931,Male,30,Beauty,4,30,120
932,2023-02-28,Cust932,Female,45,Beauty,4,25,100
933,2023-02-03,Cust933,Male,22,Beauty,1,30,30
934,2023-07-25,Cust934,Male,30,Beauty,1,500,500
935,2023-09-09,Cust935,Female,34,Beauty,1,50,50
936,2023-02-07,Cust936,Male,57,Beauty,4,50,200
937,2023-10-23,Cust937,Female,62,Beauty,1,500,500
938,2023-11-19,Cust938,Male,49,Clothing,4,50,200
939,2023-12-18,Cust939,Female,46,Electronics,1,300,300
940,2023-01-28,Cust940,Female,20,Electronics,1,30,30
941,2023-03-19,Cust941,Female,57,Clothing,2,25,50
942,2023-03-18,Cust942,Male,51,Clothing,3,500,1500
943,2023-10-16,Cust943,Female,57,Clothing,4,300,1200
944,2023-06-05,Cust944,Male,44,Clothing,2,25,50
945,2023-02-13,Cust945,Male,30,Beauty,1,25,25
946,2023-05-08,Cust946,Male,62,Electronics,4,500,2000
947,2023-03-02,Cust947,Male,50,Beauty,1,300,300
948,2023-10-13,Cust948,Female,23,Electronics,3,25,75
949,2023-08-02,Cust949,Female,41,Electronics,2,25,50
950,2023-11-07,Cust950,Male,36,Clothing,3,300,900
951,2023-11-02,Cust951,Male,33,Beauty,2,50,100
952,2023-11-13,Cust952,Female,57,Clothing,1,25,25
953,2023-04-26,Cust953,Male,45,Beauty,3,30,90
954,2023-09-25,Cust954,Female,50,Electronics,3,300,900
955,2023-07-14,Cust955,Male,58,Clothing,1,25,25
956,2023-08-19,Cust956,Male,30,Clothing,3,500,1500
957,2023-08-15,Cust957,Female,60,Electronics,4,30,120
958,2023-06-02,Cust958,Male,62,Electronics,2,25,50
959,2023-10-29,Cust959,Female,42,Electronics,2,30,60
960,2023-08-08,Cust960,Male,59,Clothing,2,30,60
961,2023-06-06,Cust961,Male,53,Beauty,4,50,200
962,2023-10-19,Cust962,Male,44,Clothing,2,30,60
963,2023-11-14,Cust963,Female,55,Beauty,1,50,50
964,2023-01-31,Cust964,Male,24,Clothing,3,300,900
965,2023-11-09,Cust965,Male,22,Clothing,4,50,200
966,2023-02-20,Cust966,Male,60,Electronics,2,500,1000
967,2023-04-17,Cust967,Male,62,Beauty,1,25,25
968,2023-11-17,Cust968,Female,48,Clothing,3,300,900
969,2023-04-19,Cust969,Female,40,Clothing,3,300,900
970,2023-05-16,Cust970,Male,59,Electronics,4,500,2000
971,2023-12-05,Cust971,Female,27,Electronics,4,50,200
972,2023-02-11,Cust972,Male,49,Beauty,4,25,100
973,2023-03-22,Cust973,Male,60,Clothing,1,50,50
974,2023-05-03,Cust974,Male,47,Beauty,1,30,30
975,2023-03-30,Cust975,Female,56,Clothing,4,50,200
976,2023-10-10,Cust976,Female,48,Beauty,2,300,600
977,2023-02-08,Cust977,Female,35,Electronics,3,25,75
978,2023-03-22,Cust978,Female,53,Clothing,3,50,150
979,2023-01-02,Cust979,Female,19,Beauty,1,25,25
980,2023-07-29,Cust980,Female,31,Electronics,3,25,75
981,2023-08-19,Cust981,Female,30,Electronics,2,30,60
982,2023-12-19,Cust982,Female,46,Beauty,3,30,90
983,2023-11-01,Cust983,Female,29,Clothing,1,300,300
984,2023-08-29,Cust984,Male,56,Clothing,1,500,500
985,2023-05-30,Cust985,Female,19,Electronics,2,25,50
986,2023-01-17,Cust986,Female,49,Clothing,2,500,1000
987,2023-04-29,Cust987,Female,30,Clothing,3,300,900
988,2023-05-28,Cust988,Female,63,Clothing,3,25,75
989,2023-12-28,Cust989,Female,44,Electronics,1,25,25
990,2023-05-25,Cust990,Female,58,Beauty,2,500,1000
991,2023-12-26,Cust991,Female,34,Clothing,2,50,100
992,2023-08-21,Cust992,Female,57,Electronics,2,30,60
993,2023-02-06,Cust993,Female,48,Electronics,3,50,150
994,2023-12-18,Cust994,Female,51,Beauty,2,500,1000
995,2023-04-30,Cust995,Female,41,Clothing,1,30,30
996,2023-05-16,Cust996,Male,62,Clothing,1,50,50
997,2023-11-17,Cust997,Male,52,Beauty,3,30,90
998,2023-10-29,Cust998,Female,23,Beauty,4,25,100
999,2023-12-05,Cust999,Female,36,Electronics,3,50,150
1000,2023-04-12,Cust1000,Male,47,Electronics,4,30,120
