Index,Review ID,Product Name,Rating,Review Text
1,7wQDdSKxrw,Smart Clock Lock,3,"It does the job, but not smoothly for a remote team. I tested the replacement part. Overall, the result depends a lot on how you use it. The first setup took less than an hour. I contacted support twice. I would compare alternatives before buying again."
2,MtKLTWG22m,Portable Watch Microphone Microphone,3,"I have mixed feelings after using it for a client project. I tested the compact model. Overall, the setup guide could be clearer. The package included replacement pads. I would compare alternatives before buying again."
3,9xSyNNTkPZ,Mini Phone Scooter,2,"Support took too long to answer after a month of testing. I tested the subscription. Overall, the feature I needed was unreliable. I used it with 2 people. The package included a carrying pouch. The email updates were clear. I would wait for a better version."
4,VuouK11ISi,Shaver Blender,3,"I have mixed feelings after using it while traveling. I tested the subscription. Overall, the result depends a lot on how you use it. I contacted support twice. Battery life lasted three days. The product page should mention this limitation earlier. I might keep using it."
5,b3RFuoVRvJ,Mixer Grill,4,"The product worked well out of the box on a tight budget. I tested the premium plan. Overall, the app connected on the first try. The package included replacement pads. The first setup took a week. The product page should mention this limitation earlier. It solved the problem I bought it for."
6,pe2dhcKl7J,Speakerphone Scanner Monitor,5,"The build quality feels solid while traveling. I tested the travel case. Overall, the packaging was careful. The package included extra screws. The main issue appeared after most of the afternoon. The photos on the product page were accurate. I would buy it again."
7,ZjmazxYl87,Advanced Microphone Lamp Speaker Smart,1,"Support took too long to answer in a small office. I tested the replacement part. Overall, the instructions skipped important steps. The first setup took two weeks. I expected better quality."
8,v0etEWKH78,Wireless Toaster Scooter Eco,3,"There are useful features, but the experience is uneven during onboarding. I tested the replacement part. Overall, the result depends a lot on how you use it. The package included a carrying pouch. A short video tutorial would have helped. It needs a few improvements."
9,Vw8X0HNqn1,Smart Printer Advanced,5,"Setup was straightforward for a remote team. I tested the premium plan. Overall, the main feature worked as described. I used it with 2 people. The first setup took two weeks. I also liked that the documentation used plain language. It solved the problem I bought it for."
10,Ugdas8JHmn,Smart Phone,2,"Support took too long to answer after a month of testing. I tested the starter kit. Overall, the feature I needed was unreliable. The package included a charging cable. It was not worth the price."
11,aaj3o3kqnY,Digital Heater Sense Advanced,3,"It works, but it took longer than expected after two weeks of use. I tested the mobile app. Overall, the default settings were not ideal. Battery life lasted most of the afternoon. I also liked that the documentation used plain language. It is acceptable, but not impressive."
12,79ctwba1Bd,Watch Thermostat,3,"It works, but it took longer than expected as a replacement for an older product. I tested the subscription. Overall, support eventually solved the issue. I contacted support twice. The package included a charging cable. The comparison chart helped me choose the right option. It is acceptable, but not impressive."
13,nSjo9Z5V7h,Radio Iron,4,"Support answered quickly during a busy launch week. I tested the accessory bundle. Overall, the instructions were clear. I contacted support several times. The main issue appeared after two weeks. The return policy made the purchase less risky. I will keep it in our regular workflow."
14,m5T9KJJFNu,Automatic Microphone Portable Premium Fast,1,"Support took too long to answer as a replacement for an older product. I tested the replacement part. Overall, the feature I needed was unreliable. Battery life lasted a week. The comparison chart helped me choose the right option. I had to search the help center to finish setup. I would wait for a better version."
15,nVNKvdQSZn,Silent Dock Mixer Router Prime,5,"The design feels practical after two weeks of use. I tested the starter kit. Overall, the app connected on the first try. The package included extra screws. The photos on the product page were accurate. The product page should mention this limitation earlier. I will keep it in our regular workflow."
16,DB8PwABJ4z,Speakerphone Mixer,5,"The first run went better than expected in a small office. I tested the travel case. Overall, the controls were easy to understand. The main issue appeared after one day. I had to search the help center to finish setup. The email updates were clear. It solved the problem I bought it for."
17,248ZkL3vkm,Smart Keyboard Phone Scanner Go Edge,5,"Support answered quickly in a small office. I tested the travel case. Overall, the materials feel durable. The package included a charging cable. The comparison chart helped me choose the right option. I will keep it in our regular workflow."
18,yD1BrjJWIG,Advanced Printer,2,"Delivery was late on a tight budget. I tested the mobile app. Overall, the replacement process was unclear. The first setup took about a month. I contacted support three times. The product page should mention this limitation earlier. I asked for a refund."
19,JluAwIttnf,Smart Tablet Powerbank Blender Sense,4,"The product worked well out of the box in a small office. I tested the replacement part. Overall, the controls were easy to understand. Battery life lasted a week. The product page should mention this limitation earlier. It feels like good value."
20,1uVs7NboiD,Silent Phone Iron Speakerphone Go Automatic Portable,5,"The design feels practical for a remote team. I tested the mobile app. Overall, the instructions were clear. Battery life lasted about a month. I also liked that the documentation used plain language. The photos on the product page were accurate. I will keep it in our regular workflow."
21,FxqT1FW506,Advanced Thermostat Oven,3,"It works, but it took longer than expected during onboarding. I tested the starter kit. Overall, the setup guide could be clearer. Battery life lasted a week. A short video tutorial would have helped. The return policy made the purchase less risky. I might keep using it."
22,EvoG3KoBMD,Ultra Radio Light Fan Portable Touch,5,"Setup was straightforward in a busy household. I tested the premium plan. Overall, the packaging was careful. I contacted support three times. I had to search the help center to finish setup. I recommended it to a teammate."
23,rPQOjMgsEu,Premium Projector,2,"The setup process was frustrating after two weeks of use. I tested the compact model. Overall, the box arrived damaged. I contacted support once. A short video tutorial would have helped. The product page should mention this limitation earlier. It was not worth the price."
24,4RhueFaMOq,Digital Watch Thermostat Automatic Smart,3,"The value is acceptable for the price in a busy household. I tested the accessory bundle. Overall, the setup guide could be clearer. The main issue appeared after three days. I also liked that the documentation used plain language. The comparison chart helped me choose the right option. I would recommend it only for simple needs."
25,nMtoYjtzgk,Fan Lamp,1,"Support took too long to answer for daily work. I tested the replacement part. Overall, the size was different from the description. I contacted support three times. The return policy made the purchase less risky. The email updates were clear. I would not order it again."
26,HQnyy1GEw6,Webcam Printer,3,"The product is fine for basic use after two weeks of use. I tested the new version. Overall, support eventually solved the issue. I used it with 2 people. The product page should mention this limitation earlier. I might keep using it."
27,K6WcshUjSg,Advanced Mouse Ultra,2,"Support took too long to answer for a first-time user. I tested the dashboard. Overall, the replacement process was unclear. I used it with 12 people. The price was fair for the quality. The email updates were clear. I would not order it again."
28,H7VzlcUfqi,Mixer Drone Fan,5,"The design feels practical for daily work. I tested the starter kit. Overall, the materials feel durable. I contacted support once. I had to search the help center to finish setup. It solved the problem I bought it for."
29,fwEzHHA0C9,Ultra Fridge Clean,3,"I have mixed feelings after using it while traveling. I tested the dashboard. Overall, support eventually solved the issue. The order arrived in four days. The main issue appeared after most of the afternoon. It is acceptable, but not impressive."
30,snKaYbq836,Thermostat Oven,5,"The product worked well out of the box during a busy launch week. I tested the subscription. Overall, the instructions were clear. The price was higher than expected. The first setup took a week. I will keep it in our regular workflow."
31,Zhxp6fjWQ8,Clean Shaver Thermostat,2,"The product stopped working after a few days in a busy household. I tested the subscription. Overall, the instructions skipped important steps. I used it with 25 people. The first setup took one day. I also liked that the documentation used plain language. I would wait for a better version."
32,5x7K9jud47,Eco Printer Rechargeable Pro,2,"The first impression was disappointing on a tight budget. I tested the subscription. Overall, the feature I needed was unreliable. I used it with 2 people. I had to search the help center to finish setup. The comparison chart helped me choose the right option. I asked for a refund."
33,g9FuwV4JGF,Iron,4,"Support answered quickly after a month of testing. I tested the premium plan. Overall, the instructions were clear. The price was hard to justify for light use. I contacted support twice. The photos on the product page were accurate. It is one of the better options I have tried."
34,PNA469El83,Automatic Tablet Air Smart,3,"It does the job, but not smoothly while traveling. I tested the premium plan. Overall, the default settings were not ideal. I used it with 12 people. A short video tutorial would have helped. It is acceptable, but not impressive."
35,aAjYjfR3Si,Silent Treadmill Clean,2,"The first impression was disappointing after two weeks of use. I tested the replacement part. Overall, the feature I needed was unreliable. The main issue appeared after three days. The email updates were clear. I expected better quality."
36,UShgTfe3aH,Dock,3,"The value is acceptable for the price with several people sharing it. I tested the replacement part. Overall, the setup guide could be clearer. The package included extra screws. The comparison chart helped me choose the right option. I would compare alternatives before buying again."
37,buy91ubHA3,Wireless Scale Stove,3,"The value is acceptable for the price for a remote team. I tested the accessory bundle. Overall, the result depends a lot on how you use it. Battery life lasted three days. The first setup took three days. The photos on the product page were accurate. It is okay for small teams."
38,b1j5dHtin5,Ultra Speaker Iron Grill Premium Clean,1,"The setup process was frustrating for a small team. I tested the subscription. Overall, the instructions skipped important steps. The main issue appeared after three days. The photos on the product page were accurate. I also liked that the documentation used plain language. I had to switch to another option."
39,Vm32xlwab6,Portable Brush Touch,1,"Delivery was late while traveling. I tested the compact model. Overall, the replacement process was unclear. The first setup took a week. The comparison chart helped me choose the right option. I would wait for a better version."
40,5KjtsLRyQA,Silent Fan Iron Clock,5,"The build quality feels solid for a first-time user. I tested the new version. Overall, the materials feel durable. I contacted support three times. The photos on the product page were accurate. It solved the problem I bought it for."
41,BF7fd8Ma37,Thermostat,3,"The value is acceptable for the price in a small office. I tested the accessory bundle. Overall, support eventually solved the issue. I used it with 25 people. I would compare alternatives before buying again."
42,rN4Vray7Pe,Printer Freezer,3,"I have mixed feelings after using it in a small office. I tested the replacement part. Overall, the result depends a lot on how you use it. The first setup took about a month. The order arrived in four days. I would recommend it only for simple needs."
43,KDTHQTZ5kP,Radio,3,"It works, but it took longer than expected as a replacement for an older product. I tested the travel case. Overall, the result depends a lot on how you use it. The price was hard to justify for light use. The product page should mention this limitation earlier. I might keep using it."
44,wjjxTViq0g,Wireless Scale Trimmer Grill Digital Air,3,"I have mixed feelings after using it in a small office. I tested the starter kit. Overall, support eventually solved the issue. The first setup took a week. I contacted support once. The product page should mention this limitation earlier. It is okay for small teams."
45,Dl5XnytlL0,Clean Dock Dock Trimmer Advanced X,2,"Delivery was late after a month of testing. I tested the subscription. Overall, the replacement process was unclear. The first setup took less than an hour. The photos on the product page were accurate. A short video tutorial would have helped. I would wait for a better version."
46,JvlaCkW380,Iron Monitor,2,"Delivery was late on a tight budget. I tested the dashboard. Overall, the box arrived damaged. I used it with 2 people. The comparison chart helped me choose the right option. I had to switch to another option."
47,nuVju7MFXg,Mini Cooker Wireless Smart,3,"The value is acceptable for the price during a busy launch week. I tested the travel case. Overall, the result depends a lot on how you use it. The package included extra screws. It is acceptable, but not impressive."
48,3TOUGYNmlD,Silent Router One Go X,5,"Support answered quickly on a tight budget. I tested the replacement part. Overall, the packaging was careful. Battery life lasted most of the afternoon. The comparison chart helped me choose the right option. I will keep it in our regular workflow."
49,RmqI6gxcEC,Smart Drone Vacuum Portable,5,"Support answered quickly in a busy household. I tested the new version. Overall, the materials feel durable. Battery life lasted about a month. It solved the problem I bought it for."
50,9ek6kV9Oti,Smart Heater Cooker Wireless,3,"The product is fine for basic use during onboarding. I tested the travel case. Overall, support eventually solved the issue. I used it with 6 people. The email updates were clear. It is acceptable, but not impressive."
51,CxVdXXzTiQ,Scale Headphones,3,"It works, but it took longer than expected with several people sharing it. I tested the mobile app. Overall, the advanced options are hard to find. I used it with 4 people. The main issue appeared after two weeks. A short video tutorial would have helped. I would compare alternatives before buying again."
52,rEiAJlhx0O,Projector Brush,4,"The build quality feels solid for a small team. I tested the accessory bundle. Overall, the main feature worked as described. I contacted support once. The order arrived in less than 48 hours. The email updates were clear. It is one of the better options I have tried."
53,9ycRGTCEHY,Portable Monitor Brush Monitor Clean,2,"The setup process was frustrating during a busy launch week. I tested the replacement part. Overall, the box arrived damaged. I used it with 6 people. The comparison chart helped me choose the right option. I also liked that the documentation used plain language. I asked for a refund."
54,2uhgRXydhE,Webcam Bicycle Camera,4,"The product worked well out of the box in a small office. I tested the subscription. Overall, the main feature worked as described. The price was reasonable during the sale. The first setup took three days. I had to search the help center to finish setup. It solved the problem I bought it for."
55,eisjtSDo6v,Cooler,4,"The product worked well out of the box during onboarding. I tested the premium plan. Overall, the instructions were clear. The price was fair for the quality. The email updates were clear. The comparison chart helped me choose the right option. I would buy it again."
56,qRYwtlTgIK,Mini Bicycle Lock Fan Smart,3,"It works, but it took longer than expected after a month of testing. I tested the mobile app. Overall, the setup guide could be clearer. The order arrived in four days. I also liked that the documentation used plain language. I would compare alternatives before buying again."
57,JGyeDrkzCK,Grill Microphone Projector,1,"Delivery was late on a tight budget. I tested the starter kit. Overall, the instructions skipped important steps. Battery life lasted about a month. I contacted support several times. The product page should mention this limitation earlier. I had to search the help center to finish setup. It was not worth the price."
58,chQFxgm8Gw,Wireless Camera Keyboard 360 Premium Air,2,"The first impression was disappointing for a first-time user. I tested the new version. Overall, the finish scratched during normal use. Battery life lasted a week. The photos on the product page were accurate. I asked for a refund."
59,HqPQIS6Asf,Portable Camera Bicycle Speakerphone,1,"The item did not match the listing for a small team. I tested the new version. Overall, the feature I needed was unreliable. The order arrived in less than 48 hours. A short video tutorial would have helped. I would wait for a better version."
60,WGpvOsp2db,Drone Printer Tablet,4,"The build quality feels solid after two weeks of use. I tested the mobile app. Overall, the materials feel durable. The package included extra screws. The return policy made the purchase less risky. It feels like good value."
61,5xrz1OBMrZ,Automatic Tablet,1,"The product stopped working after a few days with several people sharing it. I tested the new version. Overall, the feature I needed was unreliable. The price was fair for the quality. The order arrived in ten days. I had to switch to another option."
62,D4bOrSV9UK,Automatic Radio Advanced Digital,1,"Delivery was late for a first-time user. I tested the starter kit. Overall, the box arrived damaged. Battery life lasted a week. The photos on the product page were accurate. I asked for a refund."
63,Kj60qriWWQ,Iron Drone,2,"The product stopped working after a few days on a tight budget. I tested the replacement part. Overall, the finish scratched during normal use. The first setup took about a month. I would wait for a better version."
64,q0cFK2AP9O,Speakerphone Scanner Monitor,2,"The product stopped working after a few days in a busy household. I tested the replacement part. Overall, the feature I needed was unreliable. The first setup took most of the afternoon. The order arrived in less than 48 hours. The email updates were clear. I had to switch to another option."
65,lRMmZIFqa6,Clean Scale Trimmer Grill Max Touch Smart,4,"The product worked well out of the box for a small team. I tested the premium plan. Overall, the main feature worked as described. The first setup took a week. I also liked that the documentation used plain language. I will keep it in our regular workflow."
66,APMFX7ALWt,Ultra Brush Mini,3,"I have mixed feelings after using it in a busy household. I tested the new version. Overall, the default settings were not ideal. I contacted support several times. The email updates were clear. It needs a few improvements."
67,OFPey2te68,Wireless Keyboard Toaster Monitor Touch Premium Premium,3,"It works, but it took longer than expected in a busy household. I tested the travel case. Overall, the setup guide could be clearer. Battery life lasted one day. The product page should mention this limitation earlier. The comparison chart helped me choose the right option. I would recommend it only for simple needs."
68,CE4KJSrk1f,Digital Toaster Smart Smart,4,"The design feels practical for a client project. I tested the accessory bundle. Overall, the app connected on the first try. The first setup took about a month. I would buy it again."
69,ETNbWDfn9M,Eco Heater X Max,5,"The build quality feels solid on a tight budget. I tested the dashboard. Overall, the packaging was careful. Battery life lasted one day. The comparison chart helped me choose the right option. I recommended it to a teammate."
70,QXKhRBhXqk,Compact Thermostat Speaker Clean Portable,3,"I have mixed feelings after using it while traveling. I tested the starter kit. Overall, the default settings were not ideal. The order arrived in two days. The first setup took two weeks. The email updates were clear. It needs a few improvements."
71,YQOmsqAKzj,Smart Drone,4,"The product worked well out of the box for a remote team. I tested the starter kit. Overall, the packaging was careful. The package included a charging cable. Battery life lasted three days. The email updates were clear. The product page should mention this limitation earlier. I will keep it in our regular workflow."
72,AJmbGuUVtR,Digital Grill Brush Watch,4,"Support answered quickly for a client project. I tested the travel case. Overall, the materials feel durable. I used it with 12 people. It feels like good value."
73,tdVSHCdFSI,Wireless Scale Trimmer Grill,5,"The design feels practical during a busy launch week. I tested the mobile app. Overall, the controls were easy to understand. I used it with 2 people. A short video tutorial would have helped. The email updates were clear. I would buy it again."
74,jlr8l9kkQf,Mini Monitor Cooler Dock,3,"The product is fine for basic use after two weeks of use. I tested the subscription. Overall, some parts feel durable and others do not. The order arrived in ten days. I might keep using it."
75,vBJfLYeqM0,Clock,3,"It works, but it took longer than expected with several people sharing it. I tested the new version. Overall, some parts feel durable and others do not. The first setup took less than an hour. The main issue appeared after less than an hour. I would compare alternatives before buying again."
76,sAD87uMBFj,Pro Lamp Speakerphone Headphones 360 Air,5,"The product worked well out of the box in a small office. I tested the starter kit. Overall, the app connected on the first try. The package included a quick-start guide. Battery life lasted about a month. I would buy it again."
77,KY1EfYhkN7,Fast Brush Portable Fast 360,5,"The build quality feels solid during onboarding. I tested the mobile app. Overall, the controls were easy to understand. The first setup took two weeks. The main issue appeared after two weeks. The product page should mention this limitation earlier. The email updates were clear. It feels like good value."
78,RIyP1gvxCl,Charger,3,"There are useful features, but the experience is uneven in a busy household. I tested the accessory bundle. Overall, the result depends a lot on how you use it. The first setup took about a month. The return policy made the purchase less risky. I would recommend it only for simple needs."
79,xIw6rLn4th,Portable Lock,3,"There are useful features, but the experience is uneven after a month of testing. I tested the subscription. Overall, the advanced options are hard to find. Battery life lasted about a month. The return policy made the purchase less risky. I would recommend it only for simple needs."
80,9yLcriWTUy,Pro Scooter Scale Cooler Sense,3,"It does the job, but not smoothly for a remote team. I tested the subscription. Overall, some parts feel durable and others do not. The price was hard to justify for light use. I would recommend it only for simple needs."
81,iPTKlTcgYB,Fast Fan Lamp,5,"The product worked well out of the box after a month of testing. I tested the starter kit. Overall, the main feature worked as described. Battery life lasted less than an hour. The comparison chart helped me choose the right option. It is one of the better options I have tried."
82,Z4nLV2a1QQ,Fast Light,5,"The product worked well out of the box after a month of testing. I tested the subscription. Overall, the packaging was careful. I contacted support twice. I also liked that the documentation used plain language. I will keep it in our regular workflow."
83,TPwR5b1xsu,Drone,3,"There are useful features, but the experience is uneven during a busy launch week. I tested the travel case. Overall, the advanced options are hard to find. The package included a quick-start guide. The photos on the product page were accurate. The return policy made the purchase less risky. It needs a few improvements."
84,h1VYM6Kgq2,Router,3,"It does the job, but not smoothly for a remote team. I tested the compact model. Overall, the advanced options are hard to find. I contacted support once. The order arrived in ten days. The product page should mention this limitation earlier. A short video tutorial would have helped. It is okay for small teams."
85,Hv3Oy6GLes,Charger Cooker Thermostat,1,"The product stopped working after a few days for a remote team. I tested the dashboard. Overall, the instructions skipped important steps. I used it with 6 people. The product page should mention this limitation earlier. I expected better quality."
86,WkkNQqyFzj,Mini Oven,3,"The product is fine for basic use with several people sharing it. I tested the accessory bundle. Overall, the setup guide could be clearer. The package included a charging cable. The first setup took one day. I had to search the help center to finish setup. It is okay for small teams."
87,H13lsVihfF,Automatic Charger Tablet Brush Advanced Premium,3,"There are useful features, but the experience is uneven in a busy household. I tested the subscription. Overall, the advanced options are hard to find. The first setup took two weeks. I also liked that the documentation used plain language. It needs a few improvements."
88,snjAGwBS3k,Pro Monitor Brush Monitor Pro Plus,2,"The product stopped working after a few days while traveling. I tested the travel case. Overall, the replacement process was unclear. The first setup took one day. I had to search the help center to finish setup. The product page should mention this limitation earlier. I would not order it again."
89,QVShVJNT7t,Advanced Mixer Vacuum,4,"The design feels practical in a busy household. I tested the premium plan. Overall, the packaging was careful. Battery life lasted a week. It feels like good value."
90,ZjWIukw115,Pro Freezer Advanced,5,"The build quality feels solid on a tight budget. I tested the compact model. Overall, the packaging was careful. I used it with 12 people. The order arrived in ten days. The product page should mention this limitation earlier. A short video tutorial would have helped. I will keep it in our regular workflow."
91,RVSCxEQ1BV,Fast Scanner Tablet Radio Edge Pro,5,"The product worked well out of the box for daily work. I tested the accessory bundle. Overall, the packaging was careful. The order arrived in two days. I used it with 12 people. I recommended it to a teammate."
92,Ppqtiusk3m,Clean Mixer Vacuum Clean One Lite,1,"Delivery was late after two weeks of use. I tested the travel case. Overall, the box arrived damaged. The first setup took two weeks. The comparison chart helped me choose the right option. I had to switch to another option."
93,34CpV7VRB4,Fast Thermostat Trimmer Rechargeable Go Ultra,3,"I have mixed feelings after using it while traveling. I tested the replacement part. Overall, the default settings were not ideal. The price was hard to justify for light use. I used it with 6 people. I had to search the help center to finish setup. It is okay for small teams."
94,K6Fq731Swa,Eco Charger Monitor Brush,4,"Setup was straightforward for a remote team. I tested the new version. Overall, the controls were easy to understand. The package included a quick-start guide. The order arrived in ten days. The return policy made the purchase less risky. I will keep it in our regular workflow."
95,HgF3O5bfrW,Smart Camera Treadmill Heater Sense X,2,"The first impression was disappointing for a client project. I tested the starter kit. Overall, the feature I needed was unreliable. The price was higher than expected. I had to search the help center to finish setup. I expected better quality."
96,qYT6z2mGcW,Mixer Vacuum,4,"The design feels practical in a small office. I tested the premium plan. Overall, the main feature worked as described. The main issue appeared after two weeks. The first setup took two weeks. I would buy it again."
97,z2UaC1v8eu,Fast Webcam,3,"It works, but it took longer than expected for a first-time user. I tested the new version. Overall, some parts feel durable and others do not. The main issue appeared after less than an hour. The comparison chart helped me choose the right option. It needs a few improvements."
98,txcUZR51Aq,Silent Webcam Webcam Stove Sense Pro Ultra,5,"The build quality feels solid for daily work. I tested the starter kit. Overall, the packaging was careful. Battery life lasted a week. The price was fair for the quality. I also liked that the documentation used plain language. It solved the problem I bought it for."
99,VxKBCt4uiJ,Smart Webcam Trimmer Projector Fast Clean Smart,5,"The first run went better than expected during onboarding. I tested the new version. Overall, the materials feel durable. I used it with 6 people. A short video tutorial would have helped. The product page should mention this limitation earlier. It feels like good value."
100,yckWTZCNa6,Wireless Keyboard Speakerphone Fan Compact X,5,"The design feels practical for a remote team. I tested the dashboard. Overall, the packaging was careful. I used it with 4 people. A short video tutorial would have helped. The comparison chart helped me choose the right option. It is one of the better options I have tried."
