Index,Customer Id,First Name,Last Name,Company,City,Country,Phone 1,Phone 2,Email,Subscription Date,Website
1,Dd37Cf93Aeca6Dc,Sheryl,Baxter,Rasmussen Group,East Leonard,Chile,229.077.5154,397.884.0519X718,Zunigavanessa@Smith.Info,2020-08-24,Http://Www.Stephenson.Com/
2,1Ef7B82A4Caad10,Preston,Lozano,Vega-Gentry,East Jimmychester,Djibouti,5153435776,686-620-1820X944,Vmata@Colon.Com,2021-04-23,Http://Www.Hobbs.Com/
3,6F94879Bdafe5A6,Roy,Berry,Murillo-Perry,Isabelborough,Antigua And Barbuda,+1-539-402-0259,(496)978-3969X58947,Beckycarr@Hogan.Com,2020-03-25,Http://Www.Lawrence.Com/
4,5Cef8Bfa16C5E3C,Linda,Olsen,"Dominguez, Mcmillan And Donovan",Bensonview,Dominican Republic,001-808-617-6467X12895,+1-813-324-8756,Stanleyblackwell@Benson.Org,2020-06-02,Http://Www.Good-Lyons.Com/
5,053D585Ab6B3159,Joanna,Bender,"Martin, Lang And Andrade",West Priscilla,Slovakia (Slovak Republic),001-234-203-0635X76146,001-199-446-3860X3486,Colinalvarado@Miles.Net,2021-04-17,Https://Goodwin-Ingram.Com/
6,2D08Fb17Ee273F4,Aimee,Downs,Steele Group,Chavezborough,Bosnia And Herzegovina,(283)437-3886X88321,999-728-1637,Louis27@Gilbert.Com,2020-02-25,Http://Www.Berger.Net/
7,Ea4D384Dfdbbf77,Darren,Peck,"Lester, Woodard And Mitchell",Lake Ana,Pitcairn Islands,(496)452-6181X3291,+1-247-266-0963X4995,Tgates@Cantrell.Com,2021-08-24,Https://Www.Le.Com/
8,0E04Afde9F225De,Brett,Mullen,"Sanford, Davenport And Giles",Kimport,Bulgaria,001-583-352-7197X297,001-333-145-0369,Asnow@Colon.Com,2021-04-12,Https://Hammond-Ramsey.Com/
9,C2De4Deec489Ae0,Sheryl,Meyers,Browning-Simon,Robersonstad,Cyprus,854-138-4911X5772,+1-448-910-2276X729,Mariokhan@Ryan-Pope.Org,2020-01-13,Https://Www.Bullock.Net/
10,8C2811A503C7C5A,Michelle,Gallagher,Beck-Hendrix,Elaineberg,Timor-Leste,739.218.2516X459,001-054-401-0347X617,Mdyer@Escobar.Net,2021-11-08,Https://Arias.Com/
11,216E205D6Ebb815,Carl,Schroeder,"Oconnell, Meza And Everett",Shannonville,Guernsey,637-854-0256X825,114.336.0784X788,Kirksalas@Webb.Com,2021-10-20,Https://Simmons-Hurley.Com/
12,Cedec94Dee6D69B,Jenna,Dodson,"Hoffman, Reed And Mcclain",East Andrea,Vietnam,(041)737-3846,+1-556-888-3485X42608,Mark42@Robbins.Com,2020-11-29,Http://Www.Douglas.Net/
13,E35426Ebdeceaff,Tracey,Mata,Graham-Francis,South Joannamouth,Togo,001-949-844-8787,(855)713-8773,Alex56@Walls.Org,2021-12-02,Http://Www.Beck.Com/
14,A08A8Af8Be9Fad4,Kristine,Cox,Carpenter-Cook,Jodyberg,Sri Lanka,786-284-3358X62152,+1-315-627-1796X8074,Holdenmiranda@Clarke.Com,2021-02-08,Https://Www.Brandt.Com/
15,6Feaa1B7Cab7B6C,Faith,Lutz,Carter-Hancock,Burchbury,Singapore,(781)861-7180X8306,207-185-3665,Cassieparrish@Blevins-Chapman.Net,2022-01-26,Http://Stevenson.Org/
16,8Cad0B4Cbceaeec,Miranda,Beasley,Singleton And Sons,Desireeshire,Oman,540.085.3135X185,+1-600-462-6432X21881,Vduncan@Parks-Hardy.Com,2022-04-12,Http://Acosta.Org/
17,A5Dc21Ae3A21Eaa,Caroline,Foley,Winters-Mendoza,West Adriennestad,Western Sahara,936.222.4746X9924,001-469-948-6341X359,Holtgwendolyn@Watson-Davenport.Com,2021-03-10,Http://Www.Benson-Roth.Com/
18,F8Aa9D6Dfcbeef8,Greg,Mata,Valentine Llc,Lake Leslie,Mozambique,(701)087-2415,(195)156-1861X26241,Jaredjuarez@Carroll.Org,2022-03-26,Http://Pitts-Cherry.Com/
19,F160F5Db3Efe973,Clifford,Jacobson,Simon Llc,Harmonview,South Georgia And The South Sandwich Islands,001-151-330-3524X0469,(748)477-7174,Joseph26@Jacobson.Com,2020-09-24,Https://Mcconnell.Com/
20,0F60Ff3Ddcd7Ab0,Joanna,Kirk,Mays-Mccormick,Jamesshire,French Polynesia,(266)131-7001X711,(283)312-5579X11543,Tuckerangie@Salazar.Net,2021-09-24,Https://Www.Camacho.Net/
21,9F9Adb7B8A6F7F2,Maxwell,Frye,Patterson Inc,East Carly,Malta,423.262.3059,202-880-0688X7491,Fgibson@Drake-Webb.Com,2022-01-12,Http://Www.Roberts.Com/
22,Fbd0Ded4F02A742,Kiara,Houston,"Manning, Hester And Arroyo",South Alvin,Netherlands,001-274-040-3582X10611,+1-528-175-0973X4684,Blanchardbob@Wallace-Shannon.Com,2020-09-15,Https://Www.Reid-Potts.Com/
23,2Fb0Faa1D429421,Colleen,Howard,Greer And Sons,Brittanyview,Paraguay,1935085151,(947)115-7711X5488,Rsingleton@Ryan-Cherry.Com,2020-08-19,Http://Paul.Biz/
24,010468Daa11382C,Janet,Valenzuela,Watts-Donaldson,Veronicamouth,Lao People'S Democratic Republic,354.259.5062X7538,500.433.2022,Stefanie71@Spence.Com,2020-09-08,Https://Moreno.Biz/
25,Ec1927Ca84E033E,Shane,Wilcox,Tucker Llc,Bryanville,Albania,(429)005-9030X11004,541-116-4501,Mariah88@Santos.Com,2021-04-06,Https://Www.Ramos.Com/
26,09D7D7C8Fe09Aea,Marcus,Moody,Giles Ltd,Kaitlyntown,Panama,674-677-8623,909-277-5485X566,Donnamullins@Norris-Barrett.Org,2022-05-24,Https://Www.Curry.Com/
27,Abdfcf2C50B0Bfd,Dakota,Poole,Simmons Group,Michealshire,Belarus,(371)987-8576X4720,071-152-1376,Stacey67@Fields.Org,2022-02-20,Https://Sanford-Wilcox.Biz/
28,B92Ebfdf8A3F0E6,Frederick,Harper,"Hinton, Chaney And Stokes",South Marissatown,Switzerland,+1-077-121-1558X0687,264.742.7149,Jacobkhan@Bright.Biz,2022-05-26,Https://Callahan.Org/
29,3B5Daafa41Afa22,Stefanie,Fitzpatrick,Santana-Duran,Acevedoville,Saint Vincent And The Grenadines,(752)776-3286,+1-472-021-4814X85074,Wterrell@Clark.Com,2020-07-30,Https://Meyers.Com/
30,Eda69Ca7A6E96A2,Kent,Bradshaw,Sawyer Plc,North Harold,Tanzania,+1-472-143-5037X884,126.922.6153,Qjimenez@Boyd.Com,2020-04-26,Http://Maynard-Ho.Com/
31,64Dccdfab9Dfd4E,Jack,Tate,"Acosta, Petersen And Morrow",West Samuel,Zimbabwe,965-108-4406X20714,046.906.1442X6784,Gfigueroa@Boone-Zavala.Com,2021-09-15,Http://Www.Hawkins-Ramsey.Com/
32,679C6C83Dd872D6,Tom,Trujillo,Mcgee Group,Cunninghamborough,Denmark,416-338-3758,(775)890-7209,Tapiagreg@Beard.Info,2022-01-13,Http://Www.Daniels-Klein.Com/
33,7Ce381E4Afa4Ba9,Gabriel,Mejia,Adkins-Salinas,Port Annatown,Liechtenstein,4077245425,646.044.0696X66800,Coleolson@Jennings.Net,2021-04-24,Https://Patel-Hanson.Info/
34,A09Aec6E3Bf70Ee,Kaitlyn,Santana,Herrera Group,New Kaitlyn,United States Of America,6303643286,447-710-6202X07313,Georgeross@Miles.Org,2021-09-21,Http://Pham.Com/
35,Aa9Baffbc3710Fe,Faith,Moon,"Waters, Chase And Aguilar",West Marthaburgh,Bahamas,+1-586-217-0359X6317,+1-818-199-1403,Willistonya@Randolph-Baker.Com,2021-11-03,Https://Spencer-Charles.Info/
36,E11Dfb2Db8C9F72,Tammie,Haley,"Palmer, Barnes And Houston",East Teresa,Belize,001-276-734-4113X6087,(430)300-8770,Harrisisaiah@Jenkins.Com,2022-01-04,Http://Evans-Simon.Com/
37,889Ecf90F68C5Da,Nicholas,Sosa,Jordan Ltd,South Hunter,Uruguay,(661)425-6042,975-998-1519,Fwolfe@Dorsey.Com,2021-08-10,Https://Www.Fleming-Richards.Com/
38,7A1Ee69F4Ff4B4D,Jordan,Gay,Glover And Sons,South Walter,Solomon Islands,7208417020,8035336772,Tiffanydavies@Harris-Mcfarland.Org,2021-02-24,Http://Www.Lee.Org/
39,Dca4F1D0A0Fc5C9,Bruce,Esparza,Huerta-Mclean,Poolefurt,Montenegro,559-529-4424,001-625-000-7132X0367,Preese@Frye-Vega.Com,2021-10-22,Http://Www.Farley.Org/
40,17Ad8E2Db3Df03D,Sherry,Garza,Anderson Ltd,West John,Poland,001-067-713-6440X158,(978)289-8785X5766,Ann48@Miller.Com,2021-11-01,Http://Spence.Com/
41,2F79Cd309624Abb,Natalie,Gentry,Monroe Plc,West Darius,Dominican Republic,830.996.8238,499.122.5415,Tcummings@Fitzpatrick-Ashley.Com,2020-10-10,Http://Www.Dorsey.Biz/
42,6E5Ad5A5E2Bb5Ca,Bryan,Dunn,Kaufman And Sons,North Jimstad,Burkina Faso,001-710-802-5565,078.699.8982X13881,Woodwardandres@Phelps.Com,2021-09-08,Http://Www.Butler.Com/
43,7E441B6B228Dbca,Wayne,Simpson,Perkins-Trevino,East Rebekahborough,Bolivia,(344)156-8632X1869,463-445-3702X38463,Barbarapittman@Holder.Com,2020-12-13,Https://Gillespie-Holder.Com/
44,D3Fc11A9C235Dc6,Luis,Greer,Cross Plc,North Drew,Bulgaria,001-336-025-6849X701,684.698.2911X6092,Bstuart@Williamson-Mcclure.Com,2022-05-15,Https://Fletcher-Nielsen.Com/
45,30Dfa48Fe5Ede78,Rhonda,Frost,"Herrera, Shepherd And Underwood",Lake Lindaburgh,Monaco,(127)081-9339,+1-431-028-3337X3492,Zkrueger@Wolf-Chavez.Net,2021-12-06,Http://Www.Khan.Com/
46,Fd780Ed8Dbeae7B,Joanne,Montes,"Price, Sexton And Mcdaniel",Gwendolynview,Palau,(897)726-7952,(467)886-9467X5721,Juan80@Henson.Net,2020-07-01,Http://Ochoa.Com/
47,300A40D3Ce24Bba,Geoffrey,Guzman,Short-Wiggins,Zimmermanland,Uzbekistan,975.235.8921X269,(983)188-6873,Bauercrystal@Gay.Com,2020-04-23,Https://Decker-Kline.Com/
48,283Dfcd0Dba40Af,Gloria,Mccall,"Brennan, Acosta And Ramos",North Kerriton,Ghana,445-603-6729,001-395-959-4736X4524,Bartlettjenna@Zuniga-Moss.Biz,2022-03-11,Http://Burgess-Frank.Com/
49,F4Fc91Feaead286,Brady,Cohen,Osborne-Erickson,North Eileenville,United Arab Emirates,741.849.0139X524,+1-028-691-7497X0894,Mccalltyrone@Durham-Rose.Biz,2022-03-10,Http://Hammond-Barron.Com/
50,80F33Fd2Acebf05,Latoya,Mccann,"Hobbs, Garrett And Sanford",Port Sergiofort,Belarus,(530)287-4548X29481,162-234-0249X32790,Bobhammond@Barry.Biz,2021-12-02,Https://Www.Burton.Com/
51,Aa20Bde68Eab0E9,Gerald,Hawkins,"Phelps, Forbes And Koch",New Alberttown,Canada,+1-323-239-1456X96168,(092)508-0269,Uwarner@Steele-Arias.Com,2021-03-19,Https://Valenzuela.Com/
52,E898Eeb1B9Fe22B,Samuel,Crawford,"May, Goodwin And Martin",South Jasmine,Algeria,802-242-7457,626.116.9535X8578,Xpittman@Ritter-Carney.Net,2021-03-27,Https://Guerrero.Org/
53,Facef517Ae7D8Eb,Patricia,Goodwin,"Christian, Winters And Ellis",Cowanfort,Swaziland,322.549.7139X70040,(111)741-4173,Vaughanchristy@Lara.Biz,2021-03-08,Http://Clark.Info/
54,C09952De6Cda8Aa,Stacie,Richard,Byrd Inc,New Deborah,Madagascar,001-622-948-3641X24810,001-731-168-2893X8891,Clinton85@Colon-Arias.Org,2020-10-15,Https://Kim.Com/
55,F3Bef3Be028166F,Robin,West,"Nixon, Blackwell And Sosa",Wallstown,Ecuador,698.303.4267,001-683-837-7651X525,Greenemiranda@Zimmerman.Com,2022-01-13,Https://Www.Mora.Com/
56,C6F2Fc6A7948A4E,Ralph,Haas,Montes Plc,Lake Ellenchester,Palestinian Territory,2239271999,001-962-434-0867X649,Goodmancesar@Figueroa.Biz,2020-05-25,Http://May.Com/
57,C8Fe57Cbbdcdcb2,Phyllis,Maldonado,Costa Plc,Lake Whitney,Saint Barthelemy,4500370767,001-508-064-6725X017,Yhanson@Warner-Diaz.Org,2021-01-25,Http://Www.Bernard.Com/
58,B5Acdfc982124F2,Danny,Parrish,Novak Llc,East Jaredbury,United Arab Emirates,(669)384-8597X8794,506.731.5952X571,Howelldarren@House-Cohen.Com,2021-03-17,Http://Www.Parsons-Hudson.Com/
59,8C7Ddf10798Bcc3,Kathy,Hill,"Moore, Mccoy And Glass",Selenabury,South Georgia And The South Sandwich Islands,001-171-716-2175X310,888.625.0654,Ncamacho@Boone-Simmons.Org,2020-11-15,Http://Hayden.Com/
60,C681Ddd0Cc422F7,Kelli,Hardy,Petty Ltd,Huangfort,Sao Tome And Principe,020.324.2191X2022,424-157-8216,Kristopher62@Oliver.Com,2020-12-20,Http://Www.Kidd.Com/
61,A940Ce42E035F28,Lynn,Pham,"Brennan, Camacho And Tapia",East Pennyshire,Portugal,846.468.6834X611,001-248-691-0006,Mpham@Rios-Guzman.Com,2020-08-21,Https://Www.Murphy.Com/
62,9Cf5E6Afe0Aebfd,Shelley,Harris,"Prince, Malone And Pugh",Port Jasminborough,Togo,423.098.0315X8373,+1-386-458-8944X15194,Zachary96@Mitchell-Bryant.Org,2020-12-10,Https://Www.Ryan.Com/
63,Aecbe5365Bbc67D,Eddie,Jimenez,Caldwell Group,West Kristine,Ethiopia,+1-235-657-1073X6306,(026)401-7353X2417,Kristiwhitney@Bernard.Com,2022-03-24,Http://Cherry.Com/
64,Fcbdfceae20A8Dc,Chloe,Hutchinson,Simon Llc,South Julia,Netherlands,981-544-9452,+1-288-552-4666X060,Leah85@Sutton-Terrell.Com,2022-05-15,Https://Mitchell.Info/
65,636Cbf0835E10Ff,Eileen,Lynch,"Knight, Abbott And Hubbard",Helenborough,Liberia,+1-158-951-4131X53578,001-673-779-6713X680,Levigiles@Vincent.Com,2021-01-02,Http://Mckay.Com/
66,Ff1B6C9E8Fbf1Ff,Fernando,Lambert,Church-Banks,Lake Nancy,Lithuania,497.829.9038,3863743398,Fisherlinda@Schaefer.Net,2021-04-23,Https://Www.Vang.Com/
67,2A13F74Eaa7Da6C,Makayla,Cannon,Henderson Inc,Georgeport,New Caledonia,001-215-801-6392X46009,027-609-6460,Scottcurtis@Hurley.Biz,2020-01-20,Http://Www.Velazquez.Net/
68,A014Ec1B9Fccc1E,Tom,Alvarado,Donaldson-Dougherty,South Sophiaberg,Kiribati,(585)606-2980X2258,730-797-3594X5614,Nicholsonnina@Montgomery.Info,2020-08-18,Http://Odom-Massey.Com/
69,421A109Cabdf5Fa,Virginia,Dudley,Warren Ltd,Hartbury,French Southern Territories,027.846.3705X14184,+1-439-171-1846X4636,Zvalencia@Phelps.Com,2021-01-31,Http://Hunter-Esparza.Com/
70,Cc68Fd1D3Bbbf22,Riley,Good,Wade Plc,Erikaville,Canada,6977745822,855-436-7641,Alex06@Galloway.Com,2020-02-03,Http://Conway.Org/
71,Cbcd2Ac8E3Ebdf9,Alexandria,Buck,Keller-Coffey,Nicolasfort,Iran,078-900-4760X76668,414-112-8700X68751,Lee48@Manning.Com,2021-02-20,Https://Ramsey.Org/
72,Ef859092Fbecc07,Richard,Roth,Conway-Mcbride,New Jasmineshire,Morocco,581-440-6539,9857827463,Aharper@Maddox-Townsend.Org,2020-02-23,Https://Www.Brooks.Com/
73,F560F2D3Cdfb618,Candice,Keller,Huynh And Sons,East Summerstad,Zimbabwe,001-927-965-8550X92406,001-243-038-4271X53076,Buckleycory@Odonnell.Net,2020-08-22,Https://Www.Lucero.Com/
74,A3F76Be153Df4A3,Anita,Benson,Parrish Ltd,Skinnerport,Russian Federation,874.617.5668X69878,(399)820-6418X0071,Angie04@Oconnell.Com,2020-02-09,Http://Oconnor.Com/
75,D01Af0Af7Cbbfea,Regina,Stein,Guzman-Brown,Raystad,Solomon Islands,001-469-848-0724X4407,001-085-360-4426X00357,Zrosario@Rojas-Hardin.Net,2022-01-15,Http://Www.Johnston.Info/
76,D40E89Dcade7B2F,Debra,Riddle,"Chang, Aguirre And Leblanc",Colinhaven,United States Virgin Islands,+1-768-182-6014X14336,(303)961-4491,Shieldskerry@Robles.Com,2020-07-11,Http://Kaiser.Info/
77,Bf6A1F9Bd1Bf8De,Brittany,Zuniga,Mason-Hester,West Reginald,Kyrgyz Republic,(050)136-9025,001-480-851-2496X0157,Mchandler@Cochran-Huerta.Org,2021-07-24,Http://Www.Boyle.Com/
78,Ffaeffbbbf280Db,Cassidy,Mcmahon,"Mcguire, Huynh And Hopkins",Lake Sherryborough,Myanmar,5040771311,684-682-0021X1326,Katrinalane@Fitzgerald.Com,2020-10-21,Https://Hurst.Com/
79,Cbae1D1E9A8Dcb1,Laurie,Pennington,"Sanchez, Marsh And Hale",Port Katherineville,Dominica,007.155.3406X553,+1-809-862-5566X277,Cookejill@Powell.Com,2020-06-08,Http://Www.Hebert.Com/
80,A7F85C1De4Db87F,Alejandro,Blair,"Combs, Waller And Durham",Thomasland,Iceland,(690)068-4641X51468,555.509.8691X2329,Elizabethbarr@Ewing.Com,2020-09-19,Https://Mercado-Blevins.Com/
81,D6Ceafb3Bdbaa1A,Leslie,Jennings,Blankenship-Arias,Coreybury,Micronesia,629.198.6346,075.256.0829,Corey75@Wiggins.Com,2021-11-13,Https://Www.Juarez.Com/
82,Ebdb6F6F7C90B69,Kathleen,Mckay,"Coffey, Lamb And Johnson",Lake Janiceton,Saint Vincent And The Grenadines,(733)910-9968,(691)247-4128X0665,Chloelester@Higgins-Wilkinson.Com,2021-09-12,Http://Www.Owens-Mooney.Com/
83,E8E7E8Cfe516Ef0,Hunter,Moreno,Fitzpatrick-Lawrence,East Clinton,Isle Of Man,(733)833-6754,001-761-013-7121,Isaac26@Benton-Finley.Com,2020-12-28,Http://Walls.Info/
84,78C06E9B6B3Df20,Chad,Davidson,Garcia-Jimenez,South Joshuashire,Oman,8275702958,(804)842-4715,Justinwalters@Jimenez.Com,2021-11-15,Http://Www.Garner-Oliver.Com/
85,03A1E62Addeb31C,Corey,Holt,"Mcdonald, Bird And Ramirez",New Glenda,Fiji,001-439-242-4986X7918,3162708934,Maurice46@Morgan.Com,2020-02-18,Http://Www.Watson.Com/
86,C6763C99D0Bd16D,Emma,Cunningham,Stephens Inc,North Jillianview,New Zealand,128-059-0206X60217,(312)164-4545X2284,Walter83@Juarez.Org,2022-05-13,Http://Www.Reid.Info/
87,Ebe77E5Bf9476Ce,Duane,Woods,Montoya-Miller,Lyonsberg,Maldives,(636)544-7783X7288,(203)287-1003X5932,Kmercer@Wagner.Com,2020-07-21,Http://Murray.Org/
88,E4Bbcd8Ad81Fc5F,Alison,Vargas,"Vaughn, Watts And Leach",East Cristinabury,Benin,365-273-8144,053-308-7653X6287,Vcantu@Norton.Com,2020-11-10,Http://Mason.Info/
89,Efeb73245Cdf1Ff,Vernon,Kane,Carter-Strickland,Thomasfurt,Yemen,114-854-1159X555,499-608-4612,Hilljesse@Barrett.Info,2021-04-15,Http://Www.Duffy-Hensley.Net/
90,37Ec4B395641C1E,Lori,Flowers,Decker-Mcknight,North Joeburgh,Namibia,679.415.1210,945-842-3659X4581,Tyrone77@Valenzuela.Info,2021-01-09,Http://Www.Deleon-Crosby.Com/
91,5Ef6D3Eefdd43Be,Nina,Chavez,Byrd-Campbell,Cassidychester,Bhutan,053-344-3205,+1-330-920-5422X571,Elliserica@Frank.Com,2020-03-26,Https://Www.Pugh.Com/
92,98B3Aedcc3B9Ff3,Shane,Foley,Rocha-Hart,South Dannymouth,Hungary,+1-822-569-0302,001-626-114-5844X55073,Nsteele@Sparks.Com,2021-07-06,Https://Www.Holt-Sparks.Com/
93,Aab6Afc7Afd0Ff3,Collin,Ayers,Lamb-Peterson,South Lonnie,Anguilla,404-645-5351X012,001-257-582-8850X8516,Dudleyemily@Gonzales.Biz,2021-06-29,Http://Www.Ruiz.Com/
94,54B5B5Fe9F1B6C5,Sherry,Young,"Lee, Lucero And Johnson",Frankchester,Solomon Islands,158-687-1764,(438)375-6207X003,Alan79@Gates-Mclaughlin.Com,2021-04-04,Https://Travis.Net/
95,Be91A0Bdca49Bbc,Darrell,Douglas,"Newton, Petersen And Mathis",Daisyborough,Mali,001-084-845-9524X1777,001-769-564-6303,Grayjean@Lowery-Good.Com,2022-02-17,Https://Banks.Biz/
96,Cb8E23E48D22Eae,Karl,Greer,Carey Llc,East Richard,Guyana,(188)169-1674X58692,001-841-293-3519X614,Hhart@Jensen.Com,2022-01-30,Http://Hayes-Perez.Com/
97,Ced220Bdaacfadf,Lynn,Atkinson,"Ware, Burns And Oneal",New Bradview,Sri Lanka,+1-846-706-2218,605.413.3198,Vkemp@Ferrell.Com,2021-07-10,Https://Novak-Allison.Com/
98,28Cdbc0Dfe4B1Db,Fred,Guerra,Schmitt-Jones,Ortegaland,Solomon Islands,+1-753-067-8419X7170,+1-632-666-7507X92121,Swagner@Kane.Org,2021-09-18,Https://Www.Ross.Com/
99,C23D1D9Ee8Deb0A,Yvonne,Farmer,Fitzgerald-Harrell,Lake Elijahview,Aruba,(530)311-9786,001-869-452-0943X12424,Mccarthystephen@Horn-Green.Biz,2021-08-11,Http://Watkins.Info/
100,2354A0E336A91A1,Clarence,Haynes,"Le, Nash And Cross",Judymouth,Honduras,(753)813-6941,783.639.1472,Colleen91@Faulkner.Biz,2020-03-11,Http://Www.Hatfield-Saunders.Net/
